--
-- PostgreSQL database dump
--

-- Dumped from database version 10.1
-- Dumped by pg_dump version 10.1

SET statement_timeout = 0;
SET lock_timeout = 0;
SET idle_in_transaction_session_timeout = 0;
SET client_encoding = 'UTF8';
SET standard_conforming_strings = on;
SET check_function_bodies = false;
SET client_min_messages = warning;
SET row_security = off;

SET search_path = public, pg_catalog;

ALTER TABLE ONLY public.weathers DROP CONSTRAINT weathers_match_id_fkey;
ALTER TABLE ONLY public.teams DROP CONSTRAINT teams_group_id_fkey;
ALTER TABLE ONLY public.statistics DROP CONSTRAINT statistics_team_id_fkey;
ALTER TABLE ONLY public.statistics DROP CONSTRAINT statistics_match_id_fkey;
ALTER TABLE ONLY public.referees DROP CONSTRAINT referees_person_id_fkey;
ALTER TABLE ONLY public.referees DROP CONSTRAINT referees_match_id_fkey;
ALTER TABLE ONLY public.persons DROP CONSTRAINT persons_team_id_fkey;
ALTER TABLE ONLY public.matches DROP CONSTRAINT matches_winner_team_id_fkey;
ALTER TABLE ONLY public.matches DROP CONSTRAINT matches_stadium_id_fkey;
ALTER TABLE ONLY public.matches DROP CONSTRAINT matches_home_team_id_fkey;
ALTER TABLE ONLY public.matches DROP CONSTRAINT matches_away_team_id_fkey;
ALTER TABLE ONLY public.events DROP CONSTRAINT events_person_id_fkey;
ALTER TABLE ONLY public.events DROP CONSTRAINT events_match_id_fkey;
ALTER TABLE ONLY public.audiences DROP CONSTRAINT audiences_match_id_fkey;
ALTER TABLE ONLY public.audiences DROP CONSTRAINT audiences_country_id_fkey;
ALTER TABLE ONLY public.weathers DROP CONSTRAINT weathers_pkey;
ALTER TABLE ONLY public.teams DROP CONSTRAINT teams_pkey;
ALTER TABLE ONLY public.statistics DROP CONSTRAINT statistics_pkey;
ALTER TABLE ONLY public.stadiums DROP CONSTRAINT stadiums_pkey;
ALTER TABLE ONLY public.referees DROP CONSTRAINT referees_pkey;
ALTER TABLE ONLY public.persons DROP CONSTRAINT persons_pkey;
ALTER TABLE ONLY public.matches DROP CONSTRAINT matches_pkey;
ALTER TABLE ONLY public.groups DROP CONSTRAINT groups_pkey;
ALTER TABLE ONLY public.events DROP CONSTRAINT events_pkey;
ALTER TABLE ONLY public.countries DROP CONSTRAINT countries_pkey;
ALTER TABLE ONLY public.audiences DROP CONSTRAINT audiences_pkey;
ALTER TABLE public.weathers ALTER COLUMN id DROP DEFAULT;
ALTER TABLE public.teams ALTER COLUMN id DROP DEFAULT;
ALTER TABLE public.statistics ALTER COLUMN id DROP DEFAULT;
ALTER TABLE public.stadiums ALTER COLUMN id DROP DEFAULT;
ALTER TABLE public.referees ALTER COLUMN id DROP DEFAULT;
ALTER TABLE public.persons ALTER COLUMN id DROP DEFAULT;
ALTER TABLE public.matches ALTER COLUMN id DROP DEFAULT;
ALTER TABLE public.groups ALTER COLUMN id DROP DEFAULT;
ALTER TABLE public.events ALTER COLUMN id DROP DEFAULT;
ALTER TABLE public.countries ALTER COLUMN id DROP DEFAULT;
ALTER TABLE public.audiences ALTER COLUMN id DROP DEFAULT;
DROP SEQUENCE public.weathers_id_seq;
DROP TABLE public.weathers;
DROP SEQUENCE public.teams_id_seq;
DROP TABLE public.teams;
DROP SEQUENCE public.statistics_id_seq;
DROP TABLE public.statistics;
DROP SEQUENCE public.stadiums_id_seq;
DROP TABLE public.stadiums;
DROP SEQUENCE public.referees_id_seq;
DROP TABLE public.referees;
DROP SEQUENCE public.persons_id_seq;
DROP TABLE public.persons;
DROP SEQUENCE public.matches_id_seq;
DROP TABLE public.matches;
DROP SEQUENCE public.groups_id_seq;
DROP TABLE public.groups;
DROP SEQUENCE public.events_id_seq;
DROP TABLE public.events;
DROP SEQUENCE public.countries_id_seq;
DROP TABLE public.countries;
DROP SEQUENCE public.audiences_id_seq;
DROP TABLE public.audiences;
DROP EXTENSION plpgsql;
DROP SCHEMA public;
--
-- Name: public; Type: SCHEMA; Schema: -; Owner: -
--

CREATE SCHEMA public;


--
-- Name: SCHEMA public; Type: COMMENT; Schema: -; Owner: -
--

COMMENT ON SCHEMA public IS 'standard public schema';


--
-- Name: plpgsql; Type: EXTENSION; Schema: -; Owner: -
--

CREATE EXTENSION IF NOT EXISTS plpgsql WITH SCHEMA pg_catalog;


--
-- Name: EXTENSION plpgsql; Type: COMMENT; Schema: -; Owner: -
--

COMMENT ON EXTENSION plpgsql IS 'PL/pgSQL procedural language';


SET search_path = public, pg_catalog;

SET default_tablespace = '';

SET default_with_oids = false;

--
-- Name: audiences; Type: TABLE; Schema: public; Owner: -
--

CREATE TABLE audiences (
    id bigint NOT NULL,
    audience integer,
    match_id integer,
    country_id integer
);


--
-- Name: audiences_id_seq; Type: SEQUENCE; Schema: public; Owner: -
--

CREATE SEQUENCE audiences_id_seq
    START WITH 1
    INCREMENT BY 1
    NO MINVALUE
    NO MAXVALUE
    CACHE 1;


--
-- Name: audiences_id_seq; Type: SEQUENCE OWNED BY; Schema: public; Owner: -
--

ALTER SEQUENCE audiences_id_seq OWNED BY audiences.id;


--
-- Name: countries; Type: TABLE; Schema: public; Owner: -
--

CREATE TABLE countries (
    id bigint NOT NULL,
    name character varying(64) NOT NULL,
    population integer NOT NULL
);


--
-- Name: countries_id_seq; Type: SEQUENCE; Schema: public; Owner: -
--

CREATE SEQUENCE countries_id_seq
    START WITH 1
    INCREMENT BY 1
    NO MINVALUE
    NO MAXVALUE
    CACHE 1;


--
-- Name: countries_id_seq; Type: SEQUENCE OWNED BY; Schema: public; Owner: -
--

ALTER SEQUENCE countries_id_seq OWNED BY countries.id;


--
-- Name: events; Type: TABLE; Schema: public; Owner: -
--

CREATE TABLE events (
    id bigint NOT NULL,
    person_id integer,
    match_id integer,
    kind character varying(32) NOT NULL,
    "time" integer NOT NULL
);


--
-- Name: events_id_seq; Type: SEQUENCE; Schema: public; Owner: -
--

CREATE SEQUENCE events_id_seq
    START WITH 1
    INCREMENT BY 1
    NO MINVALUE
    NO MAXVALUE
    CACHE 1;


--
-- Name: events_id_seq; Type: SEQUENCE OWNED BY; Schema: public; Owner: -
--

ALTER SEQUENCE events_id_seq OWNED BY events.id;


--
-- Name: groups; Type: TABLE; Schema: public; Owner: -
--

CREATE TABLE groups (
    id bigint NOT NULL,
    name character varying(1) NOT NULL
);


--
-- Name: groups_id_seq; Type: SEQUENCE; Schema: public; Owner: -
--

CREATE SEQUENCE groups_id_seq
    START WITH 1
    INCREMENT BY 1
    NO MINVALUE
    NO MAXVALUE
    CACHE 1;


--
-- Name: groups_id_seq; Type: SEQUENCE OWNED BY; Schema: public; Owner: -
--

ALTER SEQUENCE groups_id_seq OWNED BY groups.id;


--
-- Name: matches; Type: TABLE; Schema: public; Owner: -
--

CREATE TABLE matches (
    id bigint NOT NULL,
    home_team_id integer,
    away_team_id integer,
    winner_team_id integer,
    stadium_id integer,
    draw boolean,
    start_at timestamp with time zone,
    stage_name character varying(32),
    home_team_score integer,
    away_team_score integer,
    attendance integer
);


--
-- Name: matches_id_seq; Type: SEQUENCE; Schema: public; Owner: -
--

CREATE SEQUENCE matches_id_seq
    START WITH 1
    INCREMENT BY 1
    NO MINVALUE
    NO MAXVALUE
    CACHE 1;


--
-- Name: matches_id_seq; Type: SEQUENCE OWNED BY; Schema: public; Owner: -
--

ALTER SEQUENCE matches_id_seq OWNED BY matches.id;


--
-- Name: persons; Type: TABLE; Schema: public; Owner: -
--

CREATE TABLE persons (
    id bigint NOT NULL,
    first_name character varying(32) NOT NULL,
    last_name character varying(32),
    job character varying(32) NOT NULL,
    shirt_number integer,
    date_of_birth date,
    country_of_birth character varying(32),
    nationality character varying(32),
    team_id integer
);


--
-- Name: persons_id_seq; Type: SEQUENCE; Schema: public; Owner: -
--

CREATE SEQUENCE persons_id_seq
    START WITH 1
    INCREMENT BY 1
    NO MINVALUE
    NO MAXVALUE
    CACHE 1;


--
-- Name: persons_id_seq; Type: SEQUENCE OWNED BY; Schema: public; Owner: -
--

ALTER SEQUENCE persons_id_seq OWNED BY persons.id;


--
-- Name: referees; Type: TABLE; Schema: public; Owner: -
--

CREATE TABLE referees (
    id bigint NOT NULL,
    match_id integer,
    person_id integer
);


--
-- Name: referees_id_seq; Type: SEQUENCE; Schema: public; Owner: -
--

CREATE SEQUENCE referees_id_seq
    START WITH 1
    INCREMENT BY 1
    NO MINVALUE
    NO MAXVALUE
    CACHE 1;


--
-- Name: referees_id_seq; Type: SEQUENCE OWNED BY; Schema: public; Owner: -
--

ALTER SEQUENCE referees_id_seq OWNED BY referees.id;


--
-- Name: stadiums; Type: TABLE; Schema: public; Owner: -
--

CREATE TABLE stadiums (
    id bigint NOT NULL,
    name character varying(32) NOT NULL,
    city character varying(32) NOT NULL,
    capacity integer NOT NULL
);


--
-- Name: stadiums_id_seq; Type: SEQUENCE; Schema: public; Owner: -
--

CREATE SEQUENCE stadiums_id_seq
    START WITH 1
    INCREMENT BY 1
    NO MINVALUE
    NO MAXVALUE
    CACHE 1;


--
-- Name: stadiums_id_seq; Type: SEQUENCE OWNED BY; Schema: public; Owner: -
--

ALTER SEQUENCE stadiums_id_seq OWNED BY stadiums.id;


--
-- Name: statistics; Type: TABLE; Schema: public; Owner: -
--

CREATE TABLE statistics (
    id bigint NOT NULL,
    match_id integer,
    team_id integer,
    tactics character varying(16),
    attempts_on_goal integer,
    on_target integer,
    off_target integer,
    blocked integer,
    woodwork integer,
    corners integer,
    offsides integer,
    ball_possession integer,
    pass_accuracy integer,
    num_passes integer,
    passes_completed integer,
    distance_covered integer,
    balls_recovered integer,
    tackles integer,
    clearances integer,
    yellow_cards integer,
    red_cards integer,
    fouls_committed integer
);


--
-- Name: statistics_id_seq; Type: SEQUENCE; Schema: public; Owner: -
--

CREATE SEQUENCE statistics_id_seq
    START WITH 1
    INCREMENT BY 1
    NO MINVALUE
    NO MAXVALUE
    CACHE 1;


--
-- Name: statistics_id_seq; Type: SEQUENCE OWNED BY; Schema: public; Owner: -
--

ALTER SEQUENCE statistics_id_seq OWNED BY statistics.id;


--
-- Name: teams; Type: TABLE; Schema: public; Owner: -
--

CREATE TABLE teams (
    id bigint NOT NULL,
    name character varying(32) NOT NULL,
    fifa_code character varying(8) NOT NULL,
    group_id integer
);


--
-- Name: teams_id_seq; Type: SEQUENCE; Schema: public; Owner: -
--

CREATE SEQUENCE teams_id_seq
    START WITH 1
    INCREMENT BY 1
    NO MINVALUE
    NO MAXVALUE
    CACHE 1;


--
-- Name: teams_id_seq; Type: SEQUENCE OWNED BY; Schema: public; Owner: -
--

ALTER SEQUENCE teams_id_seq OWNED BY teams.id;


--
-- Name: weathers; Type: TABLE; Schema: public; Owner: -
--

CREATE TABLE weathers (
    id bigint NOT NULL,
    match_id integer,
    humidity numeric,
    temp numeric,
    wind_speed numeric,
    description character varying(64)
);


--
-- Name: weathers_id_seq; Type: SEQUENCE; Schema: public; Owner: -
--

CREATE SEQUENCE weathers_id_seq
    START WITH 1
    INCREMENT BY 1
    NO MINVALUE
    NO MAXVALUE
    CACHE 1;


--
-- Name: weathers_id_seq; Type: SEQUENCE OWNED BY; Schema: public; Owner: -
--

ALTER SEQUENCE weathers_id_seq OWNED BY weathers.id;


--
-- Name: audiences id; Type: DEFAULT; Schema: public; Owner: -
--

ALTER TABLE ONLY audiences ALTER COLUMN id SET DEFAULT nextval('audiences_id_seq'::regclass);


--
-- Name: countries id; Type: DEFAULT; Schema: public; Owner: -
--

ALTER TABLE ONLY countries ALTER COLUMN id SET DEFAULT nextval('countries_id_seq'::regclass);


--
-- Name: events id; Type: DEFAULT; Schema: public; Owner: -
--

ALTER TABLE ONLY events ALTER COLUMN id SET DEFAULT nextval('events_id_seq'::regclass);


--
-- Name: groups id; Type: DEFAULT; Schema: public; Owner: -
--

ALTER TABLE ONLY groups ALTER COLUMN id SET DEFAULT nextval('groups_id_seq'::regclass);


--
-- Name: matches id; Type: DEFAULT; Schema: public; Owner: -
--

ALTER TABLE ONLY matches ALTER COLUMN id SET DEFAULT nextval('matches_id_seq'::regclass);


--
-- Name: persons id; Type: DEFAULT; Schema: public; Owner: -
--

ALTER TABLE ONLY persons ALTER COLUMN id SET DEFAULT nextval('persons_id_seq'::regclass);


--
-- Name: referees id; Type: DEFAULT; Schema: public; Owner: -
--

ALTER TABLE ONLY referees ALTER COLUMN id SET DEFAULT nextval('referees_id_seq'::regclass);


--
-- Name: stadiums id; Type: DEFAULT; Schema: public; Owner: -
--

ALTER TABLE ONLY stadiums ALTER COLUMN id SET DEFAULT nextval('stadiums_id_seq'::regclass);


--
-- Name: statistics id; Type: DEFAULT; Schema: public; Owner: -
--

ALTER TABLE ONLY statistics ALTER COLUMN id SET DEFAULT nextval('statistics_id_seq'::regclass);


--
-- Name: teams id; Type: DEFAULT; Schema: public; Owner: -
--

ALTER TABLE ONLY teams ALTER COLUMN id SET DEFAULT nextval('teams_id_seq'::regclass);


--
-- Name: weathers id; Type: DEFAULT; Schema: public; Owner: -
--

ALTER TABLE ONLY weathers ALTER COLUMN id SET DEFAULT nextval('weathers_id_seq'::regclass);


--
-- Data for Name: audiences; Type: TABLE DATA; Schema: public; Owner: -
--

COPY audiences (id, audience, match_id, country_id) FROM stdin;
1	15973804	1	3
2	39914910	1	4
3	1084160	1	5
4	1491308	1	6
5	67705770	1	7
6	967250	1	8
7	824040	1	9
8	3709216	1	14
9	5506048	1	15
10	3311815	1	16
11	1925766	1	18
12	1262874	1	20
13	4368107	1	21
14	357716240	1	22
15	6534550	1	24
16	9246000	1	25
17	1003019	1	26
18	7275170	1	27
19	2960100	1	28
20	28768548	1	29
21	1708686	1	30
22	2272400	1	31
23	7451740	1	32
24	10570375	1	33
25	1048152	1	34
26	1339215	1	35
27	1385415	1	36
28	1800954	1	37
29	3153564	1	38
30	8697060	1	39
31	1174875	1	40
32	1241112	1	41
33	2902366	1	42
34	2372782	1	43
35	2399337	1	44
36	11767638	1	45
37	26504224	1	47
38	292948318	1	48
39	1669775	1	49
40	1461936	1	50
41	627450	1	51
42	2199650	1	53
43	2390423	1	54
44	1438892	1	55
45	2446098	1	56
46	10322487	1	57
47	1530580	1	58
48	3479718	1	59
49	2271912	1	62
50	710325	1	64
51	371478	1	65
52	16180778	1	66
53	393120	1	67
54	4493600	1	68
55	7172638	1	69
56	1699056	1	70
57	3296958	1	71
58	681256	1	73
59	504832	1	74
60	16760873	1	76
61	3405104	1	77
62	4045320	1	78
63	12072723	1	79
64	1157250	1	80
65	1349684	1	81
66	6696605	1	82
67	45591715	1	84
68	951044	1	85
69	1883185	1	86
70	1110291	1	87
71	5471550	1	88
72	640690	1	89
73	1355365	1	93
74	379435	1	94
75	6690836	1	95
76	5434125	1	96
77	647261	1	97
78	4082326	1	98
79	1833519	1	100
80	520803	1	102
81	2414392	1	103
82	1202012	1	104
83	21309120	1	105
84	35851896	1	106
85	2399933	1	108
86	27576315	1	109
87	2229464	1	110
88	61238540	1	111
89	440040	1	112
90	9597588	1	113
91	1787500	1	114
92	22379839	1	115
93	330165	1	116
94	1419858	1	117
95	3951096	1	118
96	9246581	1	119
97	1939704	1	122
98	1468513	1	123
99	4948015	1	125
100	715476	1	126
101	532312	1	127
102	16980560	1	128
103	884312	1	131
104	25060233	1	132
105	4862080	1	134
106	4839967	1	135
107	348131	1	136
108	15953070	1	138
109	7273851	1	139
110	852775	1	140
111	2669152	1	141
112	93630682	1	142
113	7309440	1	144
114	16462869	1	145
115	4857370	1	146
116	1973958	1	147
117	4911516	1	148
118	1786323	1	150
119	15203967	2	1
120	832656	2	2
121	12835255	2	3
122	1006720	2	5
123	1825460	2	6
124	49843695	2	7
125	1110403	2	8
126	841698	2	9
127	7490460	2	10
128	4332298	2	11
129	1446090	2	12
130	2704855	2	13
131	5397376	2	15
132	3008906	2	16
133	2265704	2	17
134	6418413	2	19
135	4128978	2	21
136	338552870	2	22
137	361239	2	23
138	6634004	2	25
139	1300860	2	26
140	6163350	2	27
141	2937330	2	28
142	30329632	2	29
143	1149561	2	30
144	6606468	2	32
145	10294283	2	33
146	833952	2	34
147	1217041	2	35
148	1439745	2	36
149	10475125	2	39
150	929055	2	40
151	1329024	2	41
152	2942250	2	43
153	20915984	2	47
154	255442824	2	48
155	1412514	2	49
156	1566359	2	50
157	787650	2	51
158	2972209	2	53
159	2398752	2	54
160	2550388	2	56
161	8685996	2	57
162	2147270	2	58
163	2827870	2	59
164	2917250	2	60
165	15349750	2	61
166	1788659	2	62
167	653499	2	64
168	313856	2	65
169	17399414	2	66
170	3044414	2	68
171	9552345	2	69
172	1361231	2	70
173	6413044	2	72
174	716843	2	73
175	510748	2	74
176	16227841	2	76
177	2889858	2	77
178	11265182	2	79
179	1217427	2	80
180	1359832	2	81
181	27785561	2	83
182	33580300	2	84
183	837587	2	85
184	1918987	2	86
185	434696	2	89
186	10183800	2	90
187	2387095	2	91
188	1240206	2	92
189	1854710	2	93
190	8335193	2	95
191	4547250	2	96
192	727260	2	97
193	3824766	2	98
194	15035888	2	99
195	644424	2	101
196	510864	2	102
197	1042976	2	104
198	18978435	2	105
199	4319924	2	107
200	2367170	2	108
201	2739342	2	110
202	79610102	2	111
203	6928740	2	113
204	1787500	2	114
205	16554159	2	115
206	345825	2	116
207	2671596	2	118
208	7100527	2	119
209	2918980	2	121
210	970200	2	123
211	1124076	2	124
212	984600	2	126
213	18486900	2	128
214	594720	2	129
215	2578667	2	130
216	884312	2	131
217	24074257	2	132
218	1289808	2	133
219	5725440	2	134
220	5596946	2	139
221	61549103	2	142
222	1428323	2	143
223	7670400	2	144
224	11342028	2	145
225	3876845	2	146
226	2042817	2	147
227	718740	2	149
228	2203905	2	150
229	991626	2	151
230	20689319	3	1
231	990356	3	2
232	915200	3	5
233	1305668	3	6
234	35213805	3	7
235	1474089	3	8
236	600372	3	9
237	9318840	3	10
238	4864593	3	11
239	4220096	3	15
240	2548917	3	17
241	2327934	3	18
242	8269415	3	19
243	1004120	3	20
244	368435	3	23
245	4646115	3	25
246	1160700	3	26
247	8532010	3	27
248	3256110	3	28
249	43041316	3	29
250	1386630	3	30
251	3266575	3	31
252	4582264	3	32
253	8795499	3	33
254	1522476	3	35
255	1847220	3	36
256	2497235	3	37
257	8542445	3	39
258	1131495	3	40
259	1204912	3	41
260	1989724	3	42
261	9350255	3	45
262	4476684	3	46
263	19718504	3	47
264	392287194	3	48
265	1106712	3	49
266	1901616	3	50
267	635460	3	51
268	4014719	3	52
269	2424980	3	53
270	2423739	3	54
271	1792518	3	55
272	10479842	3	57
273	2905130	3	58
274	2607392	3	59
275	3862439	3	60
276	20384468	3	61
277	1324236	3	62
278	39746682	3	63
279	1028033	3	64
280	245200	3	65
281	20716812	3	66
282	250992	3	67
283	4268920	3	68
284	11462814	3	69
285	1872936	3	70
286	2928354	3	71
287	8510992	3	72
288	648210	3	73
289	400316	3	74
290	650206	3	75
291	18359967	3	76
292	2643436	3	77
293	4568832	3	78
294	1564601	3	80
295	1852010	3	81
296	39156876	3	83
297	1274734	3	85
298	1007734	3	87
299	7976303	3	88
300	587164	3	89
301	11628048	3	90
302	1996325	3	91
303	1394030	3	92
304	2308660	3	93
305	435120	3	94
306	5925359	3	95
307	3386250	3	96
308	673927	3	97
309	10444392	3	99
310	1620320	3	100
311	810412	3	101
312	532730	3	102
313	2061728	3	103
314	23639805	3	105
315	3665851	3	107
316	1662752	3	108
317	22626720	3	109
318	2279452	3	110
319	80166816	3	111
320	341610	3	112
321	18976719	3	115
322	446310	3	116
323	9458537	3	119
324	642072	3	120
325	2107010	3	121
326	894698	3	123
327	5110245	3	125
328	905832	3	126
329	437184	3	127
330	24101440	3	128
331	558612	3	129
332	901318	3	131
333	5043840	3	134
334	5877104	3	135
335	21726562	3	138
336	7164961	3	139
337	1023330	3	140
338	3428576	3	141
339	58459766	3	142
340	1733303	3	143
341	11911680	3	144
342	9099015	3	145
343	5143985	3	146
344	1958656	3	147
345	7963527	3	148
346	1639396	3	150
347	1373295	3	151
348	1144902	4	2
349	841280	4	5
350	1769768	4	6
351	962361	4	9
352	6015960	4	10
353	4613232	4	11
354	3383361	4	13
355	4600391	4	14
356	3937830	4	16
357	2637926	4	17
358	1972170	4	18
359	1428940	4	20
360	306613920	4	22
361	371313	4	23
362	8555545	4	24
363	1366560	4	26
364	3825360	4	28
365	36462462	4	29
366	2261475	4	31
367	6428516	4	32
368	9308241	4	33
369	2108003	4	36
370	1887989	4	37
371	3474947	4	38
372	1339366	4	41
373	2918810	4	42
374	2857884	4	43
375	4715115	4	44
376	13272801	4	45
377	3313252	4	46
378	21873967	4	47
379	1223208	4	49
380	1104696	4	50
381	7340640	4	52
382	2918560	4	53
383	2823530	4	54
384	2578832	4	56
385	10542785	4	57
386	2823400	4	58
387	2751182	4	59
388	4422551	4	60
389	18481099	4	61
390	1945560	4	62
391	795564	4	64
392	449942	4	65
393	15909970	4	66
394	3819560	4	68
395	7910012	4	69
396	1848096	4	70
397	3911298	4	71
398	5364070	4	72
399	940540	4	73
400	774995	4	74
401	538250	4	75
402	13858813	4	76
403	3225888	4	77
404	4537104	4	78
405	14333835	4	79
406	1555344	4	80
407	1319240	4	81
408	30158705	4	83
409	680748	4	85
410	2685150	4	86
411	1288651	4	87
412	5544504	4	88
413	624470	4	89
414	13368552	4	90
415	1724485	4	91
416	1861194	4	93
417	283604	4	94
418	9214075	4	95
419	4069448	4	98
420	1662960	4	100
421	777229	4	102
422	1464912	4	103
423	1165027	4	104
424	14716611	4	105
425	44080200	4	106
426	2694806	4	108
427	17834255	4	109
428	2929296	4	110
429	106610730	4	111
430	312660	4	112
431	8545445	4	113
432	16381119	4	115
433	490680	4	116
434	1759976	4	117
435	3623544	4	118
436	7709900	4	119
437	2847033	4	121
438	1995657	4	122
439	1321285	4	123
440	985056	4	124
441	5613158	4	125
442	1138854	4	126
443	556600	4	127
444	22595100	4	128
445	785880	4	129
446	2268518	4	130
447	1323066	4	131
448	25224562	4	132
449	1359773	4	137
450	16105004	4	138
451	5226720	4	139
452	995421	4	140
453	2233600	4	141
454	67727777	4	142
455	1402908	4	143
456	8482560	4	144
457	16462869	4	145
458	5143985	4	146
459	2455971	4	147
460	6791232	4	148
461	830544	4	149
462	2428162	4	150
463	1341192	4	151
464	10024616	5	3
465	1010239	5	5
466	1837836	5	6
467	57328755	5	7
468	986595	5	8
469	1015334	5	9
470	9023940	5	10
471	3844360	5	11
472	1558190	5	12
473	2444710	5	14
474	3715696	5	16
475	2613651	5	17
476	2273796	5	18
477	8461728	5	19
478	772400	5	20
479	574240	5	23
480	4940210	5	24
481	8691240	5	25
482	1125660	5	26
483	6187520	5	27
484	4554000	5	28
485	33340294	5	29
486	1373211	5	30
487	2993449	5	31
488	8430476	5	32
489	13449619	5	33
490	1062432	5	34
491	1348613	5	35
492	1754858	5	36
493	2490540	5	37
494	2340065	5	38
495	950745	5	40
496	2655705	5	42
497	4028457	5	43
498	2447085	5	44
499	1527888	5	50
500	4920000	5	52
501	3390680	5	53
502	1896167	5	55
503	2972000	5	58
504	23638615	5	61
505	52265321	5	63
506	746487	5	64
507	246426	5	65
508	18888857	5	66
509	3123052	5	68
510	1013471	5	70
511	2610945	5	71
512	9512285	5	72
513	846485	5	73
514	725696	5	74
515	14451070	5	76
516	2609833	5	77
517	1115589	5	80
518	1725160	5	81
519	28774371	5	83
520	44171010	5	84
521	1818741	5	86
522	1529436	5	87
523	7757442	5	88
524	415232	5	89
525	2166225	5	91
526	1586310	5	92
527	2094654	5	93
528	287490	5	94
529	3225000	5	96
530	12714912	5	99
531	556548	5	101
532	13717746	5	105
533	48782088	5	106
534	5795391	5	107
535	3161687	5	108
536	22705285	5	109
537	3099256	5	110
538	65692252	5	111
539	445830	5	112
540	19380480	5	115
541	1193112	5	117
542	9511526	5	119
543	590292	5	120
544	3936512	5	121
545	1286919	5	122
546	766345	5	123
547	1084356	5	124
548	26429420	5	128
549	531000	5	129
550	2374855	5	130
551	1258444	5	131
552	19801692	5	132
553	6952320	5	134
554	7735306	5	135
555	426976	5	136
556	18991750	5	138
557	6947182	5	139
558	1079148	5	140
559	2300608	5	141
560	50855243	5	142
561	1621477	5	143
562	6136320	5	144
563	5430600	5	146
564	2448320	5	147
565	6164660	5	148
566	2667885	5	150
567	1323357	5	151
568	1248984	6	2
569	1344640	6	5
570	42698865	6	7
571	1245818	6	8
572	609201	6	9
573	7460970	6	10
574	4849807	6	11
575	1608634	6	12
576	6936895	6	15
577	2087684	6	17
578	1972170	6	18
579	8822313	6	19
580	1231978	6	20
581	357716240	6	22
582	505159	6	23
583	6354906	6	24
584	8668125	6	25
585	1169460	6	26
586	5583270	6	27
587	3187800	6	28
588	32002221	6	29
589	1145088	6	30
590	7852132	6	32
591	8716615	6	33
592	936767	6	34
593	1608168	6	36
594	1894685	6	37
595	2299892	6	38
596	8851674	6	39
597	1417080	6	40
598	2894144	6	42
599	3522263	6	43
600	3211052	6	44
601	9578310	6	45
602	1766856	6	49
603	1786200	6	50
604	584729	6	51
605	3369220	6	53
606	2353442	6	55
607	4655931	6	60
608	23147423	6	61
609	1863972	6	62
610	560511	6	64
611	313856	6	65
612	26539184	6	66
613	3163851	6	71
614	8844756	6	72
615	953250	6	73
616	556104	6	74
617	794457	6	75
618	17767710	6	76
619	4289982	6	77
620	4441920	6	78
621	8681055	6	79
622	1809939	6	80
623	10371950	6	82
624	38860232	6	83
625	31642975	6	84
626	1181298	6	85
627	1861704	6	86
628	1538354	6	87
629	9338112	6	88
630	13109328	6	90
631	3381009	6	91
632	1571889	6	92
633	2522665	6	93
634	273245	6	94
635	8278491	6	95
636	5692125	6	96
637	928468	6	97
638	4610324	6	98
639	1817530	6	100
640	873878	6	101
641	2563595	6	103
642	13651155	6	105
643	48194351	6	106
644	3772328	6	107
645	3161687	6	108
646	25062235	6	109
647	455093	6	112
648	7236683	6	113
649	2118750	6	114
650	16842560	6	115
651	1884146	6	117
652	2415696	6	118
653	9776471	6	119
654	673140	6	120
655	1889968	6	122
656	897672	6	124
657	1201212	6	126
658	655776	6	127
659	18623840	6	128
660	3517975	6	130
661	1180216	6	131
662	26950021	6	132
663	1294286	6	133
664	5657280	6	134
665	7972983	6	135
666	309315	6	136
667	1347705	6	137
668	22258331	6	138
669	8210306	6	139
670	79372202	6	142
671	1280916	6	143
672	10618240	6	144
673	12527016	6	145
674	902417	6	149
675	2838011	6	150
676	766422	7	2
677	10446212	7	3
678	38014200	7	4
679	890560	7	5
680	1447006	7	8
681	1177200	7	9
682	7048110	7	10
683	1283545	7	12
684	3062445	7	13
685	3925988	7	14
686	5288704	7	15
687	3147710	7	17
688	2529018	7	18
689	8269415	7	19
690	772400	7	20
691	6249264	7	21
692	5344409	7	24
693	1725719	7	26
694	5776630	7	27
695	3825360	7	28
696	32448246	7	29
697	903545	7	30
698	2742175	7	31
699	7429495	7	32
700	694008	7	34
701	1701038	7	35
702	1684230	7	36
703	2537405	7	37
704	3173651	7	38
705	11286851	7	39
706	1319475	7	40
707	2027149	7	41
708	3680449	7	43
709	4058580	7	44
710	15918238	7	45
711	353768038	7	48
712	1859081	7	49
713	1192632	7	50
714	672840	7	51
715	7084800	7	52
716	2650310	7	53
717	2863262	7	56
718	11927509	7	57
719	4317530	7	60
720	22472034	7	61
721	1355616	7	62
722	19362772	7	66
723	4021772	7	68
724	4044405	7	71
725	869364	7	73
726	510748	7	74
727	471506	7	75
728	2889858	7	77
729	5457216	7	78
730	8075400	7	79
731	1448877	7	80
732	33125135	7	83
733	32030440	7	84
734	1087862	7	85
735	2692310	7	86
736	532015	7	89
737	11405856	7	90
738	2879804	7	91
739	1249820	7	92
740	2457815	7	93
741	7172803	7	95
742	3579750	7	96
743	4275496	7	98
744	10091200	7	99
745	2057380	7	100
746	724977	7	101
747	1770102	7	103
748	17513433	7	105
749	40406850	7	106
750	5749757	7	107
751	20898290	7	109
752	2459409	7	110
753	96589879	7	111
754	436566	7	112
755	8237502	7	113
756	1918750	7	114
757	379755	7	116
758	3828264	7	118
759	7550933	7	119
760	578210	7	120
761	2331375	7	122
762	1166505	7	123
763	1278984	7	124
764	3260823	7	125
765	1227468	7	126
766	686135	7	127
767	26292480	7	128
768	830484	7	129
769	1860894	7	130
770	9088000	7	134
771	7476022	7	135
772	1251153	7	137
773	23093968	7	138
774	5640502	7	139
775	648109	7	140
776	1840046	7	143
777	6978559	7	144
778	4450075	7	146
779	2563085	7	147
780	4345580	7	148
781	756007	7	149
782	3054535	7	150
783	948822	7	151
784	29651076	8	4
785	753280	8	5
786	1763579	8	6
787	43889670	8	7
788	1025285	8	8
789	1047708	8	9
790	11648550	8	10
791	5352532	8	11
792	1900094	8	12
793	2503137	8	13
794	3588787	8	14
795	6411648	8	15
796	2413183	8	16
797	3026333	8	17
798	2227392	8	18
799	6322257	8	19
800	1529352	8	20
801	380712284	8	22
802	483571	8	23
803	7651065	8	25
804	1493580	8	26
805	5655780	8	27
806	24977343	8	29
807	1225601	8	30
808	4359075	8	31
809	15145612	8	33
810	871080	8	34
811	1948245	8	37
812	3876675	8	38
813	7923987	8	39
814	994125	8	40
815	1990950	8	41
816	2470959	8	44
817	12588636	8	45
818	4754896	8	46
819	16205896	8	47
820	227060287	8	48
821	1208646	8	49
822	1764216	8	50
823	878429	8	51
824	7222560	8	52
825	2631964	8	54
826	3052882	8	56
827	2927419	8	58
828	2147264	8	59
829	21244054	8	61
830	46475451	8	63
831	857556	8	64
832	410710	8	65
833	25591355	8	66
834	301392	8	67
835	4235218	8	68
836	9250692	8	69
837	2989788	8	71
838	7366657	8	72
839	510942	8	73
840	767108	8	74
841	820293	8	75
842	12318945	8	76
843	4410192	8	78
844	11467067	8	79
845	1314166	8	81
846	6758899	8	82
847	22544868	8	83
848	28155790	8	84
849	1194646	8	85
850	9581291	8	88
851	384414	8	89
852	1668029	8	92
853	2062230	8	93
854	278425	8	94
855	5783604	8	95
856	5901750	8	96
857	567262	8	97
858	3412670	8	98
859	10141656	8	99
860	1364480	8	100
861	883642	8	101
862	626157	8	102
863	1824357	8	103
864	13384791	8	105
865	4046126	8	107
866	87960812	8	111
867	2293750	8	114
868	19092080	8	115
869	383670	8	116
870	2896788	8	118
871	2076477	8	122
872	1359036	8	123
873	822204	8	124
874	968190	8	126
875	453375	8	127
876	16295860	8	128
877	480024	8	129
878	3190104	8	130
879	19144375	8	132
880	1648088	8	133
881	6679680	8	134
882	1174716	8	137
883	27272153	8	138
884	4638714	8	139
885	1193885	8	140
886	61311462	8	142
887	1194505	8	143
888	9141336	8	145
889	2425367	8	147
890	6730595	8	148
891	537724	8	149
892	2242570	8	150
893	842118	9	2
894	12226284	9	3
895	36873774	9	4
896	957440	9	5
897	45080475	9	7
898	1067844	9	8
899	8404650	9	10
900	4391442	9	11
901	1457300	9	12
902	2301419	9	13
903	3010727	9	14
904	2241428	9	17
905	1096808	9	20
906	4304340	9	21
907	387144	9	23
908	6287540	9	24
909	6310395	9	25
910	1178219	9	26
911	6791770	9	27
912	3313035	9	28
913	29995113	9	29
914	5961392	9	32
915	10688700	9	33
916	753984	9	34
917	1193546	9	35
918	1390848	9	36
919	2892441	9	38
920	965205	9	40
921	1339366	9	41
922	2409046	9	42
923	2678607	9	43
924	13318412	9	45
925	3250022	9	46
926	21315144	9	47
927	253415500	9	48
928	1363974	9	49
929	1489416	9	50
930	760949	9	51
931	5215200	9	52
932	2789800	9	53
933	2157211	9	54
934	1524250	9	55
935	2664161	9	56
936	9158061	9	57
937	2013530	9	58
938	2789526	9	59
939	16454932	9	61
940	41624478	9	63
941	754236	9	64
942	311404	9	65
943	17534818	9	66
944	295344	9	67
945	1391040	9	70
946	2948832	9	71
947	6126960	9	72
948	721927	9	73
949	494972	9	74
950	643747	9	75
951	17116227	9	76
952	3024270	9	77
953	4664016	9	78
954	1185024	9	80
955	8534277	9	82
956	24918012	9	83
957	967729	9	85
958	1159340	9	87
959	2293650	9	91
960	1369994	9	92
961	1750950	9	93
962	371664	9	94
963	7966631	9	95
964	4789125	9	96
965	623019	9	97
966	3425548	9	98
967	14884520	9	99
968	1588340	9	100
969	634660	9	101
970	586401	9	102
971	994896	9	104
972	17646615	9	105
973	37468170	9	106
974	4274291	9	107
975	2105061	9	108
976	23019545	9	109
977	2689354	9	110
978	82115315	9	111
979	1756250	9	114
980	386280	9	116
981	2733012	9	118
982	6729604	9	119
983	472923	9	120
984	3011483	9	121
985	1572901	9	122
986	1053252	9	123
987	1028748	9	124
988	4104419	9	125
989	863166	9	126
990	18418429	9	128
991	2622974	9	130
992	1010156	9	131
993	21855810	9	132
994	1298765	9	133
995	5998080	9	134
996	5617820	9	135
997	1114370	9	137
998	22030430	9	138
999	862078	9	140
1000	3048864	9	141
1001	1336829	9	143
1002	8121600	9	144
1003	10664892	9	145
1004	4118205	9	146
1005	6023176	9	148
1006	716077	9	149
1007	2281235	9	150
1008	1055832	9	151
1009	17350409	10	1
1010	861042	10	2
1011	13537915	10	3
1012	36493632	10	4
1013	1850212	10	6
1014	48993120	10	7
1015	803439	10	9
1016	7401990	10	10
1017	4154866	10	11
1018	1479720	10	12
1019	2613165	10	13
1020	3444272	10	14
1021	5143808	10	15
1022	2119115	10	18
1023	6250140	10	19
1024	1007982	10	20
1025	4782600	10	21
1026	424564	10	23
1027	6102360	10	25
1028	1208880	10	26
1029	7105980	10	27
1030	2903175	10	28
1031	30329632	10	29
1032	1212183	10	30
1033	6628712	10	32
1034	1231138	10	35
1035	1488641	10	36
1036	1760785	10	37
1037	2651404	10	38
1038	10668393	10	39
1039	1080885	10	40
1040	2441934	10	42
1041	2942250	10	43
1042	3175242	10	44
1043	12314970	10	45
1044	21714304	10	47
1045	277743387	10	48
1046	1310580	10	49
1047	758279	10	51
1048	2340449	10	54
1049	1823003	10	55
1050	2673641	10	56
1051	8150989	10	57
1052	2102690	10	58
1053	2415672	10	59
1054	16393533	10	61
1055	1738451	10	62
1056	40059648	10	63
1057	361670	10	65
1058	20242898	10	66
1059	302400	10	67
1060	9217175	10	69
1061	1296648	10	70
1062	6174641	10	72
1063	552160	10	74
1064	566239	10	75
1065	2945863	10	77
1066	4092912	10	78
1067	10780659	10	79
1068	1319265	10	80
1069	8316249	10	82
1070	29565419	10	83
1071	33192835	10	84
1072	1868864	10	86
1073	1123668	10	87
1074	6833358	10	88
1075	470379	10	89
1076	1835255	10	93
1077	328930	10	94
1078	664230	10	97
1079	14228591	10	99
1080	629778	10	101
1081	556584	10	102
1082	2027818	10	103
1083	998595	10	104
1084	18978435	10	105
1085	39231378	10	106
1086	4304713	10	107
1087	2301642	10	108
1088	21605375	10	109
1089	74878032	10	111
1090	309186	10	112
1091	6466824	10	113
1092	14766080	10	115
1093	357569	10	116
1094	3070800	10	118
1095	7656911	10	119
1096	2600359	10	121
1097	1603986	10	122
1098	1008888	10	124
1099	4169311	10	125
1100	951779	10	126
1101	572792	10	127
1102	18623840	10	128
1103	547992	10	129
1104	2543221	10	130
1105	23745598	10	132
1106	6338879	10	134
1107	6136387	10	135
1108	304463	10	136
1109	1098279	10	137
1110	22790100	10	138
1111	6097840	10	139
1112	2825504	10	141
1113	61073820	10	142
1114	8181760	10	144
1115	11765238	10	145
1116	4480245	10	146
1117	2157582	10	147
1118	5760419	10	148
1119	742697	10	149
1120	2072444	10	150
1121	927420	10	151
1122	18900617	11	1
1123	1255292	11	2
1124	19674480	11	3
1125	34846350	11	4
1126	953920	11	5
1127	71108070	11	7
1128	1350281	11	8
1129	1227231	11	9
1130	12356310	11	10
1131	4628018	11	11
1132	1681500	11	12
1133	3493389	11	13
1134	4600391	11	14
1135	4129672	11	16
1136	3196261	11	17
1137	8581923	11	19
1138	6057960	11	21
1139	427981930	11	22
1140	467740	11	23
1141	8780100	11	24
1142	8876160	11	25
1143	1419120	11	26
1144	3848129	11	28
1145	41145714	11	29
1146	1221129	11	30
1147	6428516	11	32
1148	11832510	11	33
1149	1329817	11	35
1150	3073219	11	38
1151	14920289	11	39
1152	1080885	11	40
1153	3362798	11	42
1154	4112823	11	43
1155	3748218	11	44
1156	13728911	11	45
1157	4072012	11	46
1158	362890996	11	48
1159	1407660	11	49
1160	2093976	11	50
1161	963870	11	51
1162	8147520	11	52
1163	4313460	11	53
1164	3148361	11	54
1165	2286375	11	55
1166	2834819	11	56
1167	8906293	11	57
1168	2626563	11	59
1169	1983216	11	62
1170	58837608	11	63
1171	1033200	11	64
1172	354314	11	65
1173	20513706	11	66
1174	418320	11	67
1175	3325264	11	68
1176	11932052	11	69
1177	1579824	11	70
1178	3286719	11	71
1179	7414337	11	72
1180	907494	11	73
1181	631040	11	74
1182	20195963	11	76
1183	3326697	11	77
1184	5235120	11	78
1185	1615521	11	80
1186	1532348	11	81
1187	9437541	11	82
1188	38464709	11	83
1189	1111220	11	85
1190	2269846	11	86
1191	1721174	11	87
1192	8122211	11	88
1193	9998640	11	90
1194	2718400	11	91
1195	1932414	11	92
1196	2237325	11	93
1197	493395	11	94
1198	6627375	11	96
1199	821803	11	97
1200	15843184	11	99
1201	1572350	11	100
1202	947107	11	101
1203	560559	11	102
1204	998595	11	104
1205	42757794	11	106
1206	5719336	11	107
1207	2260688	11	108
1208	28361965	11	109
1209	4029032	11	110
1210	81001887	11	111
1211	479412	11	112
1212	2562500	11	114
1213	24052560	11	115
1214	426735	11	116
1215	2002917	11	117
1216	4114872	11	118
1217	7948351	11	119
1218	503991	11	120
1219	3987902	11	121
1220	2244337	11	122
1221	1545108	11	124
1222	6359416	11	125
1223	1161828	11	126
1224	669944	11	127
1225	27114120	11	128
1226	586224	11	129
1227	2552083	11	130
1228	1418300	11	131
1229	1383856	11	133
1230	7384000	11	134
1231	6914240	11	135
1232	7121406	11	139
1233	902391	11	140
1234	3238720	11	141
1235	1987453	11	143
1236	4616010	11	146
1237	3190467	11	147
1238	6124236	11	148
1239	2459094	11	150
1240	20748943	12	1
1241	1088130	12	2
1242	10165148	12	3
1243	45490326	12	4
1244	1207360	12	5
1245	1355171	12	6
1246	58009215	12	7
1247	1071712	12	8
1248	985905	12	9
1249	11176710	12	10
1250	3164204	12	11
1251	1838439	12	12
1252	3511726	12	13
1253	3745345	12	14
1254	6158080	12	15
1255	3816665	12	16
1256	2184786	12	17
1257	2923451	12	18
1258	6514569	12	19
1259	1262874	12	20
1260	6249264	12	21
1261	423124	12	23
1262	8488178	12	24
1263	8829930	12	25
1264	1090620	12	26
1265	7806909	12	27
1266	3916439	12	28
1267	44602400	12	29
1268	1149561	12	30
1269	3441375	12	31
1270	11359209	12	33
1271	1624467	12	36
1272	4017280	12	38
1273	8001295	12	39
1274	863985	12	40
1275	1980607	12	41
1276	1726620	12	42
1277	2277871	12	43
1278	4130202	12	44
1279	12497413	12	45
1280	2132447	12	50
1281	1006590	12	51
1282	6140160	12	52
1283	3948640	12	53
1284	2121756	12	55
1285	2009972	12	56
1286	9472771	12	57
1287	1775770	12	58
1288	2406086	12	59
1289	3734080	12	60
1290	1581552	12	62
1291	55082016	12	63
1292	306500	12	65
1293	26742290	12	66
1294	359856	12	67
1295	1738800	12	70
1296	2109234	12	71
1297	5340230	12	72
1298	719386	12	73
1299	569908	12	74
1300	660971	12	75
1301	2677039	12	77
1302	4838520	12	78
1303	15747030	12	79
1304	1569230	12	80
1305	30455348	12	83
1306	48562280	12	84
1307	880968	12	85
1308	5301324	12	88
1309	622848	12	89
1310	12553847	12	90
1311	3262080	12	91
1312	1893957	12	92
1313	10092956	12	95
1314	5805000	12	96
1315	3167988	12	98
1316	10141656	12	99
1317	1391130	12	100
1318	610250	12	101
1319	445267	12	102
1320	1471694	12	103
1321	1031881	12	104
1322	16914114	12	105
1323	4274291	12	107
1324	3071587	12	108
1325	3369191	12	110
1326	58176613	12	111
1327	411090	12	112
1328	7878234	12	113
1329	21572320	12	115
1330	7391966	12	119
1331	1385461	12	123
1332	857952	12	124
1333	5840280	12	125
1334	735167	12	126
1335	621368	12	127
1336	20130180	12	128
1337	477900	12	129
1338	24813739	12	132
1339	958399	12	133
1340	6793280	12	134
1341	5250501	12	135
1342	913220	12	137
1343	28639559	12	138
1344	5488056	12	139
1345	979916	12	140
1346	51568167	12	142
1347	1921373	12	143
1348	11971839	12	144
1349	14643066	12	145
1350	3680740	12	146
1351	2915031	12	147
1352	4810456	12	148
1353	851840	12	149
1354	1562066	12	150
1355	823977	12	151
1356	23491619	13	1
1357	43082760	13	4
1358	1144000	13	5
1359	1596504	13	6
1360	1177200	13	9
1361	3208562	13	11
1362	1205075	13	12
1363	3520896	13	13
1364	5451712	13	15
1365	1618360	13	17
1366	2691432	13	18
1367	4976073	13	19
1368	4065210	13	21
1369	450469	13	23
1370	6399817	13	24
1371	5408910	13	25
1372	941700	13	26
1373	4834000	13	27
1374	3552120	13	28
1375	32336739	13	29
1376	1596861	13	30
1377	9663216	13	33
1378	1320419	13	35
1379	1227858	13	36
1380	2078942	13	38
1381	874830	13	40
1382	1897867	13	41
1383	2853034	13	42
1384	4028457	13	43
1385	17605846	13	45
1386	3894968	13	46
1387	29777336	13	47
1388	323358178	13	48
1389	1024194	13	49
1390	1428960	13	50
1391	891779	13	51
1392	4487040	13	52
1393	4045210	13	53
1394	1682457	13	54
1395	2825338	13	56
1396	9787481	13	57
1397	2214366	13	59
1398	2905581	13	60
1399	1525068	13	62
1400	48666213	13	63
1401	875636	13	64
1402	377608	13	65
1403	20919918	13	66
1404	241920	13	67
1405	2291736	13	68
1406	8345733	13	69
1407	3686040	13	71
1408	795646	13	73
1409	429896	13	74
1410	639441	13	75
1411	18952224	13	76
1412	3729932	13	77
1413	6313871	13	78
1414	14172327	13	79
1415	1669345	13	81
1416	11617831	13	82
1417	24225845	13	83
1418	45075095	13	84
1419	1187972	13	85
1420	1589608	13	86
1421	1453634	13	87
1422	634202	13	89
1423	2684420	13	91
1424	1591117	13	92
1425	2451329	13	93
1426	341880	13	94
1427	6010412	13	95
1428	4885875	13	96
1429	3206622	13	98
1430	1806869	13	100
1431	616218	13	102
1432	2414392	13	103
1433	869147	13	104
1434	34529490	13	106
1435	3148677	13	107
1436	1711898	13	108
1437	26397840	13	109
1438	3889066	13	110
1439	368244	13	112
1440	1537500	13	114
1441	17592400	13	115
1442	497205	13	116
1443	1652002	13	117
1444	2077908	13	118
1445	7471450	13	119
1446	3001205	13	121
1447	1603986	13	122
1448	1411887	13	123
1449	1294872	13	124
1450	3974635	13	125
1451	912396	13	126
1452	761024	13	127
1453	1118994	13	131
1454	28100327	13	132
1455	1424163	13	133
1456	4566720	13	134
1457	407568	13	136
1458	1174716	13	137
1459	17700311	13	138
1460	1032632	13	140
1461	3484416	13	141
1462	62262027	13	142
1463	11791360	13	144
1464	15108597	13	145
1465	3333785	13	146
1466	2027515	13	147
1467	5962540	13	148
1468	907742	13	149
1469	841812	13	151
1470	19317981	14	1
1471	1072360	14	2
1472	32058642	14	4
1473	2283372	14	6
1474	950588	14	9
1475	8935470	14	10
1476	2096270	14	12
1477	2049691	14	16
1478	1950123	14	17
1479	992534	14	20
1480	4591296	14	21
1481	442035068	14	22
1482	420246	14	23
1483	5860885	14	24
1484	5501370	14	25
1485	1099380	14	26
1486	6985129	14	27
1487	2937330	14	28
1488	32894270	14	29
1489	1511873	14	30
1490	2589225	14	31
1491	5405292	14	32
1492	10452050	14	33
1493	656880	14	34
1494	1130064	14	36
1495	2611050	14	37
1496	3314256	14	38
1497	2032320	14	41
1498	2211717	14	42
1499	4176097	14	43
1500	14139410	14	45
1501	2541846	14	46
1502	18042032	14	47
1503	379109588	14	48
1504	1373682	14	49
1505	1104696	14	50
1506	1057320	14	51
1507	6317280	14	52
1508	4281270	14	53
1509	2298804	14	54
1510	2396120	14	55
1511	3024439	14	56
1512	11990451	14	57
1513	2786250	14	58
1514	3153793	14	59
1515	4224178	14	60
1516	19217887	14	61
1517	1926732	14	62
1518	48509730	14	63
1519	519183	14	64
1520	25049740	14	66
1521	392112	14	67
1522	3999304	14	68
1523	13272732	14	69
1524	1853064	14	70
1525	3092178	14	71
1526	732096	14	73
1527	833211	14	75
1528	16405518	14	76
1529	3953953	14	77
1530	4600560	14	78
1531	12516870	14	79
1532	1272975	14	80
1533	1380128	14	81
1534	10060480	14	82
1535	22643749	14	83
1536	50887069	14	84
1537	2642187	14	86
1538	1391208	14	87
1539	8900388	14	88
1540	613115	14	89
1541	2743884	14	91
1542	1523819	14	92
1543	1731495	14	93
1544	331520	14	94
1545	9242426	14	95
1546	3853875	14	96
1547	484840	14	97
1548	15389080	14	99
1549	1828189	14	100
1550	803088	14	101
1551	592364	14	102
1552	1272284	14	104
1553	21375711	14	105
1554	55687986	14	106
1555	5384694	14	107
1556	2014961	14	108
1557	2969287	14	110
1558	320765	14	112
1559	7082712	14	113
1560	1450000	14	114
1561	19957280	14	115
1562	430650	14	116
1563	1214707	14	117
1564	3275520	14	118
1565	617908	14	120
1566	2847033	14	121
1567	1945921	14	122
1568	1438313	14	123
1569	846036	14	124
1570	4948015	14	125
1571	1250442	14	126
1572	676015	14	127
1573	473652	14	129
1574	1967230	14	130
1575	1204024	14	131
1576	32208562	14	132
1577	4680320	14	134
1578	7476022	14	135
1579	268073	14	136
1580	885060	14	137
1581	4747604	14	139
1582	1209390	14	140
1583	3986976	14	141
1584	6978559	14	144
1585	14643066	14	145
1586	3484635	14	146
1587	1223481	14	151
1588	1160672	15	2
1589	13069475	15	3
1590	1063040	15	5
1591	1887340	15	6
1592	1307721	15	8
1593	4820236	15	11
1594	2337285	15	12
1595	2576489	15	13
1596	3769430	15	14
1597	6502208	15	15
1598	3160361	15	16
1599	3212444	15	17
1600	2683698	15	18
1601	1583420	15	20
1602	4415933	15	21
1603	439479951	15	22
1604	9139388	15	24
1605	7951559	15	25
1606	1515480	15	26
1607	9885530	15	27
1608	3210569	15	28
1609	1270332	15	30
1610	4457400	15	31
1611	7829888	15	32
1612	10728142	15	33
1613	842520	15	34
1614	1860804	15	35
1615	2037375	15	36
1616	2015195	15	37
1617	3193737	15	38
1618	12717034	15	39
1619	2151260	15	41
1620	2532376	15	42
1621	17651457	15	45
1622	5197506	15	46
1623	29298344	15	47
1624	330453812	15	48
1625	1315434	15	49
1626	1758720	15	50
1627	7970400	15	52
1628	3809150	15	53
1629	2906821	15	54
1630	2910667	15	56
1631	12714283	15	57
1632	2221570	15	58
1633	3096277	15	59
1634	3197305	15	60
1635	1889076	15	62
1636	46162485	15	63
1637	821394	15	64
1638	487947	15	65
1639	20919918	15	66
1640	325583	15	67
1641	3707220	15	68
1642	10055100	15	69
1643	907494	15	73
1644	727668	15	74
1645	665277	15	75
1646	21025123	15	76
1647	3494712	15	77
1648	5774496	15	78
1649	13284032	15	79
1650	1486682	15	81
1651	35992684	15	83
1652	984415	15	85
1653	2076515	15	86
1654	9727200	15	88
1655	613115	15	89
1656	10257863	15	90
1657	3058200	15	91
1658	1893957	15	92
1659	405335	15	94
1660	17609144	15	99
1661	1828189	15	100
1662	959312	15	101
1663	665913	15	102
1664	2448302	15	103
1665	1054072	15	104
1666	22374576	15	105
1667	6251721	15	107
1668	27733445	15	109
1669	362454	15	112
1670	7724262	15	113
1671	2025000	15	114
1672	16150400	15	115
1673	524610	15	116
1674	1786969	15	117
1675	7550933	15	119
1676	554046	15	120
1677	2374894	15	122
1678	1091003	15	123
1679	1199544	15	124
1680	5629381	15	125
1681	846032	15	127
1682	25402370	15	128
1683	1156408	15	131
1684	1477905	15	133
1685	7293120	15	134
1686	5833890	15	135
1687	28715525	15	138
1688	7687634	15	139
1689	1091552	15	140
1690	4456032	15	141
1691	2094196	15	143
1692	9415040	15	144
1693	14135213	15	145
1694	5687045	15	146
1695	6831655	15	148
1696	3178263	15	150
1697	1476738	15	151
1698	16456058	16	1
1699	791654	16	2
1700	12647880	16	3
1701	37887486	16	4
1702	1038400	16	5
1703	42868980	16	7
1704	1133617	16	8
1705	853469	16	9
1706	7401990	16	10
1707	3859146	16	11
1708	1490930	16	12
1709	2640672	16	13
1710	3311800	16	14
1711	4564224	16	15
1712	2988712	16	16
1713	2111959	16	17
1714	4081152	16	21
1715	324499732	16	22
1716	404415	16	23
1717	6495315	16	25
1718	1121280	16	26
1719	6066670	16	27
1720	2891790	16	28
1721	28768548	16	29
1722	1279278	16	30
1723	2851425	16	31
1724	5983635	16	32
1725	9978750	16	33
1726	842520	16	34
1727	1395603	16	35
1728	1707225	16	37
1729	2912528	16	38
1730	10707047	16	39
1731	1370394	16	41
1732	2450156	16	42
1733	2741882	16	43
1734	3115557	16	44
1735	13090356	16	45
1736	3743216	16	46
1737	20117664	16	47
1738	1218354	16	49
1739	1516896	16	50
1740	723570	16	51
1741	2714690	16	53
1742	2115566	16	54
1743	1633996	16	55
1744	2436617	16	56
1745	8969235	16	57
1746	1864930	16	58
1747	2521118	16	59
1748	2928919	16	60
1749	16516330	16	61
1750	661248	16	64
1751	324890	16	65
1752	17264010	16	66
1753	267120	16	67
1754	3033180	16	68
1755	9049590	16	69
1756	1410911	16	70
1757	2651901	16	71
1758	6699128	16	72
1759	737180	16	73
1760	575824	16	74
1761	570545	16	75
1762	14924876	16	76
1763	3013068	16	77
1764	4203960	16	78
1765	11588199	16	79
1766	1466386	16	81
1767	8565425	16	82
1768	25610179	16	83
1769	36421710	16	84
1770	894316	16	85
1771	1150422	16	87
1772	6954948	16	88
1773	408744	16	89
1774	9295032	16	90
1775	2319135	16	91
1776	1374802	16	92
1777	1660160	16	93
1778	336700	16	94
1779	7513015	16	95
1780	4095750	16	96
1781	659382	16	97
1782	1551030	16	100
1783	656628	16	101
1784	502913	16	102
1785	1729410	16	103
1786	19377981	16	105
1787	39231378	16	106
1788	4198236	16	107
1789	2358979	16	108
1790	21998200	16	109
1791	2799328	16	110
1792	75156390	16	111
1793	316134	16	112
1794	7493303	16	113
1795	15112160	16	115
1796	1398263	16	117
1797	2814900	16	118
1798	7815878	16	119
1799	448760	16	120
1800	2857311	16	121
1801	1821581	16	122
1802	4234203	16	125
1803	863166	16	126
1804	530288	16	127
1805	18144550	16	128
1806	2268518	16	130
1807	1016958	16	131
1808	20951998	16	132
1809	1213673	16	133
1810	6702400	16	134
1811	312954	16	136
1812	1146555	16	137
1813	6468066	16	139
1814	2970688	16	141
1815	7971200	16	144
1816	3997525	16	146
1817	1920401	16	147
1818	5659360	16	148
1819	758669	16	149
1820	2288968	16	150
1821	21643294	17	1
1822	905197	17	2
1823	1108800	17	5
1824	2339063	17	6
1825	59200019	17	7
1826	1288376	17	8
1827	7608420	17	10
1828	5426462	17	11
1829	1776785	17	12
1830	4781035	17	14
1831	7009344	17	15
1832	2978615	17	16
1833	2759303	17	17
1834	2242860	17	18
1835	5937633	17	19
1836	4336224	17	21
1837	383267400	17	22
1838	522429	17	23
1839	8847467	17	24
1840	5940555	17	25
1841	1598700	17	26
1842	5075700	17	27
1843	28768548	17	29
1844	1538711	17	30
1845	5961392	17	32
1846	11004234	17	33
1847	1625854	17	35
1848	1336518	17	36
1849	2195959	17	37
1850	2661448	17	38
1851	9547439	17	39
1852	932670	17	40
1853	1308338	17	41
1854	1825284	17	42
1855	3545289	17	44
1856	9897587	17	45
1857	4565206	17	46
1858	24747920	17	47
1859	253415500	17	48
1860	1004778	17	49
1861	2061000	17	50
1862	1006590	17	51
1863	4526400	17	52
1864	2811260	17	53
1865	2040605	17	54
1866	1670577	17	55
1867	6545968	17	57
1868	1954090	17	58
1869	2108920	17	59
1870	4002466	17	60
1871	15718144	17	61
1872	1625484	17	62
1873	777483	17	64
1874	331020	17	65
1875	20446004	17	66
1876	7742427	17	69
1877	1604663	17	70
1878	2907875	17	71
1879	692172	17	74
1880	723408	17	75
1881	2856255	17	77
1882	4870248	17	78
1883	12234231	17	79
1884	1828455	17	80
1885	1547570	17	81
1886	38563590	17	83
1887	31772130	17	84
1888	1004437	17	85
1889	1551732	17	87
1890	9581291	17	88
1891	441184	17	89
1892	8110007	17	90
1893	1269048	17	92
1894	1666645	17	93
1895	495984	17	94
1896	9894499	17	95
1897	719987	17	97
1898	2652868	17	98
1899	1279200	17	100
1900	483035	17	102
1901	2353354	17	103
1902	939419	17	104
1903	26103672	17	105
1904	38790576	17	106
1905	4639355	17	107
1906	1654561	17	108
1907	2129488	17	110
1908	82115315	17	111
1909	434250	17	112
1910	7698600	17	113
1911	510255	17	116
1912	1085138	17	117
1913	3439296	17	118
1914	9961933	17	119
1915	2393545	17	122
1916	6245855	17	125
1917	1040394	17	126
1918	20814880	17	128
1919	611712	17	129
1920	2977430	17	130
1921	1357078	17	131
1922	19719528	17	132
1923	1683916	17	133
1924	8724480	17	134
1925	302037	17	136
1926	1552878	17	137
1927	23397836	17	138
1928	5030718	17	139
1929	1017127	17	140
1930	4188000	17	141
1931	1672306	17	143
1932	8663040	17	144
1933	9606867	17	145
1934	5325005	17	146
1935	4850880	17	148
1936	657514	17	149
1937	2505492	17	150
1938	861042	18	2
1939	17332280	18	3
1940	1045440	18	5
1941	1967784	18	6
1942	61921860	18	7
1943	1029154	18	8
1944	735750	18	9
1945	9171390	18	10
1946	4095721	18	11
1947	3291671	18	13
1948	3046856	18	14
1949	3241137	18	16
1950	2670294	18	17
1951	2049510	18	18
1952	5260860	18	21
1953	401536	18	23
1954	5362680	18	25
1955	7903590	18	27
1956	2925945	18	28
1957	23862284	18	29
1958	1462671	18	30
1959	2578300	18	31
1960	4515532	18	32
1961	10609817	18	33
1962	979607	18	34
1963	1245235	18	35
1964	2015195	18	37
1965	3163608	18	38
1966	12446459	18	39
1967	1732385	18	41
1968	4186642	18	43
1969	2626140	18	44
1970	10764196	18	45
1971	3363836	18	46
1972	369986630	18	48
1973	1417968	18	50
1974	576720	18	51
1975	4959360	18	52
1976	4249080	18	53
1977	2790215	18	54
1978	2919989	18	58
1979	3633094	18	59
1980	20691463	18	61
1981	2397432	18	62
1982	37555920	18	63
1983	823977	18	64
1984	473236	18	65
1985	23898806	18	66
1986	214704	18	67
1987	12367773	18	69
1988	1639440	18	70
1989	3880581	18	71
1990	7414337	18	72
1991	676042	18	75
1992	15221004	18	76
1993	3360300	18	77
1994	5457216	18	78
1995	11184428	18	79
1996	1078557	18	80
1997	1735308	18	81
1998	11929300	18	82
1999	23632559	18	83
2000	39521430	18	84
2001	1094535	18	85
2002	2620706	18	86
2003	1507141	18	87
2004	6225408	18	88
2005	525528	18	89
2006	9850512	18	90
2007	2310640	18	91
2008	1552660	18	92
2009	1595310	18	93
2010	11000187	18	95
2011	4017936	18	98
2012	15742272	18	99
2013	1630980	18	100
2014	954431	18	101
2015	713620	18	102
2016	2292316	18	103
2017	1139138	18	104
2018	18245933	18	105
2019	55541051	18	106
2020	5521593	18	107
2021	27340619	18	109
2022	3739102	18	110
2023	330030	18	112
2024	7288007	18	113
2025	1718750	18	114
2026	11766720	18	115
2027	518085	18	116
2028	1716786	18	117
2029	7921856	18	119
2030	550594	18	120
2031	1516948	18	122
2032	1004176	18	123
2033	1537164	18	124
2034	4445101	18	125
2035	663871	18	127
2036	24032970	18	128
2037	3393916	18	130
2038	16432940	18	132
2039	940485	18	133
2040	4839360	18	134
2041	8145839	18	135
2042	467005	18	136
2043	1025865	18	137
2044	19903354	18	138
2045	6119618	18	139
2046	1227996	18	140
2047	2233600	18	141
2048	72955887	18	142
2049	1138591	18	143
2050	6647680	18	144
2051	4027695	18	146
2052	2685501	18	147
2053	6184872	18	148
2054	574992	18	149
2055	2312167	18	150
2056	841812	18	151
2057	12461290	19	1
2058	13772136	19	3
2059	41308764	19	4
2060	1284800	19	5
2061	56648294	19	7
2062	826983	19	9
2063	4628018	19	11
2064	2484799	19	13
2065	2974598	19	14
2066	4854016	19	15
2067	2031041	19	17
2068	2915718	19	18
2069	9423288	19	19
2070	1270597	19	20
2071	6249264	19	21
2072	278507644	19	22
2073	5973163	19	24
2074	5270220	19	25
2075	1642500	19	26
2076	7226830	19	27
2077	3825360	19	28
2078	32894270	19	29
2079	1534238	19	30
2080	7651935	19	32
2081	12069160	19	33
2082	928200	19	34
2083	1268730	19	35
2084	1803756	19	36
2085	918210	19	40
2086	1173885	19	41
2087	2293937	19	42
2088	3100435	19	43
2089	2912628	19	44
2090	3161500	19	46
2091	29937000	19	47
2092	397355504	19	48
2093	1451346	19	49
2094	3841340	19	53
2095	2040605	19	54
2096	6703323	19	57
2097	2154700	19	58
2098	3728954	19	59
2099	4620924	19	60
2100	12893790	19	61
2101	34582743	19	63
2102	679329	19	64
2103	378834	19	65
2104	16722394	19	66
2105	366912	19	67
2106	2606288	19	68
2107	9552345	19	69
2108	1932552	19	70
2109	3133134	19	71
2110	8987798	19	72
2111	538904	19	73
2112	581740	19	74
2113	820293	19	75
2114	12615074	19	76
2115	3393903	19	77
2116	14979867	19	79
2117	1078557	19	80
2118	1309092	19	81
2119	29169895	19	83
2120	837587	19	85
2121	1525165	19	86
2122	1444716	19	87
2123	449293	19	89
2124	9369096	19	90
2125	2573985	19	91
2126	2185445	19	93
2127	349650	19	94
2128	9752744	19	95
2129	4724625	19	96
2130	4404276	19	98
2131	10696672	19	99
2132	1950780	19	100
2133	739623	19	101
2134	687778	19	102
2135	1146535	19	104
2136	14383656	19	105
2137	4958786	19	107
2138	3169239	19	110
2139	273288	19	112
2140	6261528	19	113
2141	1918750	19	114
2142	13554800	19	115
2143	1257897	19	117
2144	9167098	19	119
2145	452212	19	120
2146	3453441	19	121
2147	1502489	19	123
2148	3763735	19	125
2149	813936	19	126
2150	483736	19	127
2151	16569740	19	128
2152	554364	19	129
2153	3128074	19	130
2154	999952	19	131
2155	7043200	19	134
2156	1343681	19	137
2157	22106397	19	138
2158	8319196	19	139
2159	1035733	19	140
2160	3261056	19	141
2161	1707888	19	143
2162	6046080	19	144
2163	15616449	19	145
2164	4027695	19	146
2165	1729126	19	147
2166	537724	19	149
2167	28619232	20	1
2168	1431915	20	2
2169	18924976	20	3
2170	56007588	20	4
2171	1439680	20	5
2172	83016120	20	7
2173	1667539	20	8
2174	1227231	20	9
2175	12002430	20	10
2176	6091832	20	11
2177	2382125	20	12
2178	7389695	20	15
2179	4664814	20	16
2180	4013532	20	17
2181	1556385	20	20
2182	519966106	20	22
2183	705208	20	23
2184	11205294	20	24
2185	1769519	20	26
2186	10223910	20	27
2187	5134635	20	28
2188	46274990	20	29
2189	5364175	20	31
2190	17788206	20	33
2191	1239504	20	34
2192	2189734	20	35
2193	2718170	20	37
2194	1594215	20	40
2195	2285714	20	41
2196	3880784	20	42
2197	4713927	20	43
2198	5705886	20	44
2199	22030113	20	45
2200	6082726	20	46
2201	32172295	20	47
2202	499735366	20	48
2203	2189154	20	49
2204	2643576	20	50
2205	1145430	20	51
2206	8304960	20	52
2207	3024112	20	55
2208	3877728	20	56
2209	15263435	20	57
2210	3484670	20	58
2211	4668382	20	59
2212	5379409	20	60
2213	29041727	20	61
2214	3043860	20	62
2215	76207221	20	63
2216	1247589	20	64
2217	594610	20	65
2218	29924284	20	66
2219	5044066	20	68
2220	2002103	20	70
2221	10012931	20	72
2222	1184572	20	73
2223	950504	20	74
2224	24637891	20	76
2225	5555696	20	77
2226	7614720	20	78
2227	16958340	20	79
2228	13112887	20	82
2229	44595331	20	83
2230	57861439	20	84
2231	1488302	20	85
2232	3293784	20	86
2233	1948583	20	87
2234	11769912	20	88
2235	729900	20	89
2236	15146087	20	90
2237	2288132	20	92
2238	3015525	20	93
2239	538720	20	94
2240	7772250	20	96
2241	1115132	20	97
2242	24067512	20	99
2243	1144829	20	101
2244	2902696	20	103
2245	1627340	20	104
2246	31564134	20	105
2247	6997060	20	107
2248	3792386	20	108
2249	34804294	20	109
2250	4908821	20	110
2251	12548718	20	113
2252	2643750	20	114
2253	24225600	20	115
2254	631620	20	116
2255	2262055	20	117
2256	12478911	20	119
2257	757714	20	120
2258	4368192	20	121
2259	3021462	20	122
2260	1868674	20	123
2261	1839035	20	124
2262	8111500	20	125
2263	1342338	20	126
2264	30537620	20	128
2265	1047132	20	129
2266	4155996	20	130
2267	35659479	20	132
2268	2198943	20	133
2269	10973760	20	134
2270	10544216	20	135
2271	553128	20	136
2272	1637361	20	137
2273	31450338	20	138
2274	1469874	20	140
2275	5003263	20	141
2276	107651520	20	142
2277	14438400	20	144
2278	21075858	20	145
2279	7135205	20	146
2280	8185860	20	148
2281	3495316	20	150
2282	1498140	20	151
2283	19437228	21	1
2284	1248984	21	2
2285	38014200	21	4
2286	1386879	21	5
2287	1540812	21	6
2288	1292245	21	8
2289	703377	21	9
2290	5115956	21	11
2291	1160235	21	12
2292	3901902	21	14
2293	5995072	21	15
2294	3200749	21	16
2295	2459412	21	18
2296	9567522	21	19
2297	1135428	21	20
2298	476529134	21	22
2299	6871383	21	24
2300	5039070	21	25
2301	1515480	21	26
2302	3813975	21	28
2303	29995113	21	29
2304	1431360	21	30
2305	5716708	21	32
2306	1727694	21	36
2307	3916848	21	38
2308	1308630	21	40
2309	1370394	21	41
2310	3806997	21	43
2311	3473667	21	44
2312	2643014	21	46
2313	24348760	21	47
2314	1077588	21	49
2315	1483920	21	50
2316	830370	21	51
2317	4624800	21	52
2318	2961480	21	53
2319	2127853	21	55
2320	2607275	21	56
2321	7143916	21	57
2322	2147270	21	58
2323	2942902	21	59
2324	3967460	21	60
2325	13937572	21	61
2326	2008320	21	62
2327	43971723	21	63
2328	945378	21	64
2329	372704	21	65
2330	23086382	21	66
2331	4392494	21	68
2332	993600	21	70
2333	8916277	21	72
2334	727012	21	73
2335	727668	21	74
2336	4177973	21	77
2337	4140504	21	78
2338	1004493	21	80
2339	1709938	21	81
2340	7817897	21	82
2341	46754110	21	84
2342	1516060	21	87
2343	8778798	21	88
2344	522284	21	89
2345	14627640	21	90
2346	3075190	21	91
2347	1071961	21	92
2348	2535635	21	93
2349	8136736	21	95
2350	819379	21	97
2351	3052086	21	98
2352	14934976	21	99
2353	1769560	21	100
2354	2699235	21	103
2355	47312748	21	106
2356	4791465	21	107
2357	1933052	21	108
2358	21133984	21	109
2359	2919299	21	110
2360	345084	21	112
2361	5183724	21	113
2362	2375000	21	114
2363	13266400	21	115
2364	446310	21	116
2365	1220106	21	117
2366	6597131	21	119
2367	571306	21	120
2368	408847	21	127
2369	17596790	21	128
2370	598968	21	129
2371	1896339	21	130
2372	897916	21	131
2373	28839809	21	132
2374	1271894	21	133
2375	4748480	21	134
2376	5898711	21	135
2377	1496556	21	137
2378	25524912	21	138
2379	809361	21	140
2380	72480604	21	142
2381	1687556	21	143
2382	10046719	21	144
2383	5068560	21	146
2384	2402414	21	147
2385	4729608	21	148
2386	2636953	21	150
2387	852513	21	151
2388	23730113	22	1
2389	980894	22	2
2390	26736654	22	4
2391	1447006	22	8
2392	888786	22	9
2393	9112410	22	10
2394	5263816	22	11
2395	2113085	22	12
2396	3594248	22	13
2397	2974598	22	14
2398	7099904	22	15
2399	2266062	22	18
2400	5384735	22	19
2401	1011844	22	20
2402	3666660	22	21
2403	295115898	22	22
2404	4738110	22	24
2405	1143180	22	26
2406	8507840	22	27
2407	4189680	22	28
2408	43821857	22	29
2409	1726578	22	30
2410	3332125	22	31
2411	7006860	22	32
2412	14514545	22	33
2413	1157229	22	36
2414	1908074	22	37
2415	1882353	22	41
2416	2392602	22	42
2417	2857884	22	43
2418	2578392	22	44
2419	13546467	22	45
2420	3894968	22	46
2421	278757050	22	48
2422	1962072	22	50
2423	947850	22	51
2424	2929290	22	53
2425	2182198	22	54
2426	2432703	22	55
2427	2392460	22	58
2428	2508835	22	60
2429	16332134	22	61
2430	1845144	22	62
2431	47883798	22	63
2432	1020285	22	64
2433	359218	22	65
2434	15165247	22	66
2435	10524338	22	69
2436	1256904	22	70
2437	3163851	22	71
2438	4934944	22	72
2439	564324	22	73
2440	467364	22	74
2441	856893	22	75
2442	3897947	22	77
2443	3728040	22	78
2444	14495343	22	79
2445	1749761	22	80
2446	8939189	22	82
2447	33619540	22	83
2448	1061166	22	85
2449	1368913	22	87
2450	415232	22	89
2451	14701704	22	90
2452	1086382	22	92
2453	2029805	22	93
2454	5627625	22	96
2455	596353	22	97
2456	13976311	22	99
2457	2004080	22	100
2458	878760	22	101
2459	1331460	22	104
2460	19511163	22	105
2461	34676424	22	106
2462	3498530	22	107
2463	2735760	22	108
2464	22391024	22	109
2465	316134	22	112
2466	8211840	22	113
2467	1993750	22	114
2468	21341600	22	115
2469	489375	22	116
2470	5722812	22	119
2471	631716	22	120
2472	1840232	22	122
2473	818232	22	124
2474	5191360	22	125
2475	684111	22	127
2476	443916	22	129
2477	3331886	22	130
2478	768671	22	131
2479	20130351	22	132
2480	1092754	22	133
2481	4975679	22	134
2482	5920317	22	135
2483	265646	22	136
2484	2311776	22	141
2485	49429395	22	142
2486	1250418	22	143
2487	12032000	22	144
2488	13542720	22	145
2489	3032085	22	146
2490	6993352	22	148
2491	2729749	22	150
2492	1366160	22	151
2493	1072360	23	2
2494	15692740	23	3
2495	1041920	23	5
2496	36914955	23	7
2497	1354150	23	8
2498	697491	23	9
2499	11560080	23	10
2500	4317512	23	11
2501	1855255	23	12
2502	3410868	23	13
2503	3372014	23	14
2504	2767395	23	17
2505	1817490	23	18
2506	8798274	23	19
2507	1475284	23	20
2508	436077	23	23
2509	6512095	23	24
2510	1125660	23	26
2511	7226830	23	27
2512	3654585	23	28
2513	37912040	23	29
2514	1713158	23	30
2515	4227975	23	31
2516	5872416	23	32
2517	9899866	23	33
2518	605472	23	34
2519	1860804	23	35
2520	1401714	23	36
2521	1640275	23	37
2522	3324299	23	38
2523	12253191	23	39
2524	1644473	23	41
2525	2195274	23	42
2526	2309508	23	43
2527	2661951	23	44
2528	9122200	23	45
2529	28180696	23	47
2530	260511134	23	48
2531	1232916	23	49
2532	1533383	23	50
2533	825030	23	51
2534	4447680	23	52
2535	2854180	23	53
2536	1732432	23	54
2537	1243788	23	55
2538	3195097	23	56
2539	8591583	23	57
2540	2569048	23	59
2541	4165833	23	60
2542	2196600	23	62
2543	885968	23	64
2544	18414944	23	66
2545	2460245	23	68
2546	7206155	23	69
2547	1654343	23	70
2548	4064883	23	71
2549	663462	23	73
2550	676396	23	74
2551	598534	23	75
2552	17886161	23	76
2553	2688240	23	77
2554	5330304	23	78
2555	14818359	23	79
2556	1703472	23	80
2557	8222808	23	82
2558	48691435	23	84
2559	1034470	23	85
2560	2090836	23	86
2561	1605240	23	87
2562	5228370	23	88
2563	397390	23	89
2564	8369232	23	90
2565	3236595	23	91
2566	1071961	23	92
2567	382025	23	94
2568	3676500	23	96
2569	821803	23	97
2570	2743014	23	98
2571	14985432	23	99
2572	1071330	23	100
2573	825057	23	101
2574	771266	23	102
2575	2495776	23	103
2576	1065168	23	104
2577	43933266	23	106
2578	3235405	23	108
2579	25455060	23	109
2580	266340	23	112
2581	6235866	23	113
2582	2131250	23	114
2583	11939760	23	115
2584	327555	23	116
2585	1554825	23	117
2586	2374752	23	118
2587	6703109	23	119
2588	3566500	23	121
2589	1622637	23	122
2590	1472289	23	123
2591	1322675	23	124
2592	4201757	23	125
2593	679374	23	126
2594	18213020	23	128
2595	596844	23	129
2596	693844	23	131
2597	25717551	23	132
2598	5202880	23	134
2599	7411200	23	135
2600	283842	23	136
2601	852876	23	137
2602	21498661	23	138
2603	719432	23	140
2604	2657984	23	141
2605	83412105	23	142
2606	1611311	23	143
2607	3907015	23	146
2608	2004562	23	147
2609	577654	23	149
2610	2350832	23	150
2611	802575	23	151
2612	31481155	24	1
2613	1321526	24	2
2614	26045264	24	3
2615	1393920	24	5
2616	3409588	24	6
2617	66685080	24	7
2618	2127950	24	8
2619	1188972	24	9
2620	13712850	24	10
2621	5574322	24	11
2622	4722035	24	13
2623	4335447	24	14
2624	3745987	24	16
2625	13341645	24	19
2626	1757210	24	20
2627	637565	24	23
2628	10124369	24	25
2629	9692170	24	27
2630	5646960	24	28
2631	1896552	24	30
2632	9386968	24	32
2633	20351917	24	33
2634	1582223	24	34
2635	2058161	24	35
2636	2808861	24	36
2637	1944408	24	41
2638	3297022	24	42
2639	4452501	24	44
2640	17286569	24	45
2641	6930007	24	46
2642	44865584	24	47
2643	2024118	24	49
2644	2203896	24	50
2645	4753389	24	53
2646	3030209	24	55
2647	4143197	24	56
2648	16616688	24	57
2649	3759580	24	58
2650	4534178	24	59
2651	6511301	24	60
2652	32480071	24	61
2653	3307452	24	62
2654	57116295	24	63
2655	991872	24	64
2656	34460318	24	66
2657	482832	24	67
2658	4976661	24	68
2659	16523881	24	69
2660	2692656	24	70
2661	4607550	24	71
2662	1060014	24	73
2663	944588	24	74
2664	1169078	24	75
2665	25111696	24	76
2666	5174862	24	77
2667	7075344	24	78
2668	2564465	24	80
2669	2882031	24	81
2670	17442320	24	82
2671	54878955	24	83
2672	61348625	24	84
2673	1388192	24	85
2674	4016984	24	86
2675	1627535	24	87
2676	9751518	24	88
2677	718545	24	89
2678	21293400	24	90
2679	14317255	24	95
2680	5788875	24	96
2681	1226645	24	97
2682	6619292	24	98
2683	19526472	24	99
2684	2345200	24	100
2685	826924	24	102
2686	2556814	24	103
2687	1767883	24	104
2688	31897089	24	105
2689	72291528	24	106
2690	7042692	24	107
2691	3595805	24	108
2692	33782950	24	109
2693	160333632	24	111
2694	433092	24	112
2695	10341786	24	113
2696	655110	24	116
2697	2936892	24	117
2698	10279867	24	119
2699	888890	24	120
2700	4871819	24	121
2701	2238120	24	122
2702	1472289	24	123
2703	2232264	24	124
2704	8225061	24	125
2705	1749305	24	126
2706	870320	24	127
2707	3145797	24	130
2708	1714204	24	131
2709	1643609	24	133
2710	8815359	24	134
2711	10630644	24	135
2712	1910925	24	137
2713	33501447	24	138
2714	10192104	24	139
2715	1116360	24	140
2716	4299680	24	141
2717	91016627	24	142
2718	13896960	24	144
2719	3244024	24	147
2720	11379355	24	148
2721	1269774	24	149
2722	3673175	24	150
2723	1737129	24	151
2724	17827396	25	1
2725	851580	25	2
2726	37760772	25	4
2727	1052480	25	5
2728	50864385	25	7
2729	1002071	25	8
2730	850526	25	9
2731	8611080	25	10
2732	3859146	25	11
2733	1591819	25	12
2734	3564701	25	14
2735	4763456	25	15
2736	2806966	25	16
2737	2209061	25	17
2738	2219658	25	18
2739	6995349	25	19
2740	1085222	25	20
2741	4734774	25	21
2742	343663101	25	22
2743	417368	25	23
2744	6624372	25	24
2745	6264165	25	25
2746	6453390	25	27
2747	3267494	25	28
2748	1341900	25	30
2749	6628712	25	32
2750	9939308	25	33
2751	776832	25	34
2752	1348613	25	35
2753	1564704	25	36
2754	1800954	25	37
2755	2942657	25	38
2756	10784354	25	39
2757	961590	25	40
2758	1401422	25	41
2759	2269272	25	42
2760	3016070	25	43
2761	3461729	25	44
2762	12497413	25	45
2763	3174146	25	46
2764	20756320	25	47
2765	267606768	25	48
2766	1456200	25	49
2767	1384992	25	50
2768	784980	25	51
2769	5195520	25	52
2770	2854180	25	53
2771	2298804	25	54
2772	9032177	25	57
2773	2473188	25	59
2774	3150630	25	60
2775	17253119	25	61
2776	1688243	25	62
2777	681912	25	64
2778	327342	25	65
2779	20039792	25	66
2780	2943308	25	68
2781	1341360	25	70
2782	6079280	25	72
2783	749890	25	73
2784	512720	25	74
2785	624370	25	75
2786	15990939	25	76
2787	3281893	25	77
2788	11467067	25	79
2789	1235943	25	80
2790	1456238	25	81
2791	9063777	25	82
2792	34226075	25	84
2793	971067	25	85
2794	1840222	25	86
2795	1297569	25	87
2796	6419952	25	88
2797	454160	25	89
2798	1269048	25	92
2799	1653675	25	93
2800	369074	25	94
2801	7598068	25	95
2802	14279048	25	99
2803	1385800	25	100
2804	710331	25	101
2805	1054072	25	104
2806	16780932	25	105
2807	2080488	25	108
2808	2699352	25	110
2809	340452	25	112
2810	6415500	25	113
2811	1856250	25	114
2812	17188640	25	115
2813	1349675	25	117
2814	2559000	25	118
2815	3073151	25	121
2816	1603986	25	122
2817	985301	25	123
2818	4250426	25	125
2819	955062	25	126
2820	510048	25	127
2821	19582420	25	128
2822	601092	25	129
2823	2649558	25	130
2824	965940	25	131
2825	6248000	25	134
2826	6136387	25	135
2827	350557	25	136
2828	1130463	25	137
2829	812462	25	140
2830	68440701	25	142
2831	8663040	25	144
2832	11172744	25	145
2833	4072950	25	146
2834	1973958	25	147
2835	5295544	25	148
2836	750683	25	149
2837	2180706	25	150
2838	21524047	26	1
2839	734882	26	2
2840	15130611	26	3
2841	1337600	26	5
2842	51885075	26	7
2843	1029154	26	8
2844	6015960	26	10
2845	4243582	26	11
2846	2017180	26	13
2847	4106632	26	14
2848	6230527	26	15
2849	2766577	26	16
2850	1794287	26	18
2851	7596324	26	19
2852	3427530	26	21
2853	438202393	26	22
2854	8578001	26	24
2855	1186980	26	26
2856	8483670	26	27
2857	4326300	26	28
2858	35681920	26	29
2859	3998550	26	31
2860	6762176	26	32
2861	11990276	26	33
2862	596904	26	34
2863	2082145	26	37
2864	10552432	26	39
2865	780840	26	40
2866	1763413	26	41
2867	3107915	26	42
2868	4081185	26	43
2869	3891462	26	44
2870	19558840	26	47
2871	235169583	26	48
2872	1684338	26	49
2873	1555368	26	50
2874	873090	26	51
2875	4132800	26	52
2876	3873530	26	53
2877	2225405	26	55
2878	11833096	26	57
2879	2890270	26	58
2880	3335928	26	59
2881	17682912	26	61
2882	1430928	26	62
2883	33017913	26	63
2884	720656	26	64
2885	296692	26	65
2886	23492594	26	66
2887	231840	26	67
2888	3325264	26	68
2889	12937562	26	69
2890	1902743	26	70
2891	2334492	26	71
2892	5960078	26	72
2893	996464	26	73
2894	660971	26	75
2895	17886161	26	76
2896	5441352	26	78
2897	10659528	26	79
2898	1254459	26	80
2899	1156872	26	81
2900	7008075	26	82
2901	41458755	26	84
2902	897652	26	85
2903	1043405	26	87
2904	8414028	26	88
2905	13479648	26	90
2906	1953850	26	91
2907	2490240	26	93
2908	446774	26	94
2909	9214075	26	95
2910	5885625	26	96
2911	518778	26	97
2912	16246832	26	99
2913	1151280	26	100
2914	783561	26	101
2915	2088856	26	103
2916	1409128	26	104
2917	18046161	26	105
2918	3087833	26	107
2919	19248425	26	109
2920	2699352	26	110
2921	9340968	26	113
2922	1850000	26	114
2923	13785520	26	115
2924	1846355	26	117
2925	3930624	26	118
2926	10094406	26	119
2927	550594	26	120
2928	3617891	26	121
2929	2051610	26	122
2930	1491164	26	123
2931	1219404	26	124
2932	3520391	26	125
2933	510048	26	127
2934	27319529	26	128
2935	671184	26	129
2936	2277379	26	130
2937	1224432	26	131
2938	24238586	26	132
2939	1164410	26	133
2940	4991217	26	135
2941	465792	26	136
2942	16029037	26	138
2943	7687634	26	139
2944	911694	26	140
2945	3093535	26	141
2946	4253970	26	146
2947	6568900	26	148
2948	1863653	26	150
2949	923853	26	151
2950	19377605	27	1
2951	867350	27	2
2952	714560	27	5
2953	59880480	27	7
2954	1021416	27	8
2955	980018	27	9
2956	4214010	27	11
2957	2213975	27	12
2958	3359971	27	14
2959	6465984	27	15
2960	3109876	27	16
2961	2621743	27	17
2962	5192424	27	19
2963	776262	27	20
2964	4097094	27	21
2965	259344274	27	22
2966	572801	27	23
2967	5366864	27	24
2968	4854150	27	25
2969	7855250	27	27
2970	4075830	27	28
2971	2589225	27	31
2972	4893680	27	32
2973	14356778	27	33
2974	771120	27	34
2975	1193546	27	35
2976	1140930	27	36
2977	1167644	27	40
2978	1965094	27	41
2979	2367936	27	42
2980	2351691	27	43
2981	4416690	27	44
2982	15462128	27	45
2983	4843417	27	46
2984	20516824	27	47
2985	379109588	27	48
2986	1253088	27	50
2987	5510400	27	52
2988	3723310	27	53
2989	2490371	27	54
2990	3384717	27	56
2991	3431788	27	59
2992	1449756	27	62
2993	638001	27	64
2994	20378302	27	66
2995	327600	27	67
2996	8546835	27	69
2997	1351296	27	70
2998	2498316	27	71
2999	777852	27	73
3000	396372	27	74
3001	557627	27	75
3002	3897947	27	77
3003	15666275	27	79
3004	1339536	27	81
3005	8004779	27	82
3006	22643749	27	83
3007	41587910	27	84
3008	947707	27	85
3009	2176761	27	86
3010	8608572	27	88
3011	343864	27	89
3012	2208700	27	91
3013	1744941	27	92
3014	1945500	27	93
3015	378140	27	94
3016	6804240	27	95
3017	5579250	27	96
3018	669079	27	97
3019	3180866	27	98
3020	12462632	27	99
3021	1343160	27	100
3022	876319	27	101
3023	560559	27	102
3024	2095638	27	103
3025	798876	27	104
3026	20976165	27	105
3027	3878805	27	107
3028	2170588	27	108
3029	3459169	27	110
3030	6518148	27	113
3031	1399999	27	114
3032	13900880	27	115
3033	439785	27	116
3034	1117530	27	117
3035	8213296	27	119
3036	590292	27	120
3037	3473997	27	121
3038	1896185	27	122
3039	1453752	27	124
3040	5288698	27	125
3041	1017420	27	126
3042	560647	27	127
3043	15063400	27	128
3044	588347	27	129
3045	3464807	27	130
3046	20130351	27	132
3047	1240544	27	133
3048	7611200	27	134
3049	5531392	27	135
3050	291120	27	136
3051	881036	27	137
3052	747341	27	140
3053	4132160	27	141
3054	62262027	27	142
3055	9565440	27	144
3056	10876497	27	145
3057	3303614	27	146
3058	2165233	27	147
3059	7660348	27	148
3060	1647129	27	150
3061	1330491	27	151
3062	14905850	28	1
3063	643416	28	2
3064	17847564	28	3
3065	953920	28	5
3066	1262352	28	6
3067	49843695	28	7
3068	1288376	28	8
3069	924102	28	9
3070	6428820	28	10
3071	5249030	28	11
3072	2146714	28	12
3073	3697173	28	14
3074	3839744	28	15
3075	2544444	28	16
3076	2298071	28	17
3077	2389806	28	18
3078	1359424	28	20
3079	3842022	28	21
3080	416483908	28	22
3081	325259	28	23
3082	6309995	28	24
3083	7905330	28	25
3084	6066670	28	27
3085	3221955	28	28
3086	42260774	28	29
3087	8297012	28	32
3088	8834940	28	33
3089	968183	28	34
3090	1146556	28	35
3091	2031942	28	36
3092	2792009	28	38
3093	1435155	28	40
3094	2713260	28	42
3095	4028457	28	43
3096	3497541	28	44
3097	17012903	28	45
3098	3414420	28	46
3099	257470148	28	48
3100	1354265	28	49
3101	1214616	28	50
3102	686190	28	51
3103	5136480	28	52
3104	3776960	28	53
3105	2398752	28	54
3106	3754476	28	56
3107	10857495	28	57
3108	2463602	28	59
3109	4165833	28	60
3110	19770478	28	61
3111	59620023	28	63
3112	656082	28	64
3113	18008732	28	66
3114	233855	28	67
3115	12233705	28	69
3116	2539272	28	71
3117	7914984	28	72
3118	704133	28	73
3119	19307578	28	76
3120	3203486	28	77
3121	4473648	28	78
3122	12153477	28	79
3123	1634037	28	80
3124	1364905	28	81
3125	11867007	28	82
3126	25709060	28	83
3127	1034470	28	85
3128	1646892	28	86
3129	1774681	28	87
3130	648800	28	89
3131	9998640	28	90
3132	3313050	28	91
3133	2347570	28	93
3134	5670200	28	95
3135	964831	28	97
3136	4339886	28	98
3137	18567808	28	99
3138	1465750	28	100
3139	699705	28	102
3140	2414392	28	103
3141	1279681	28	104
3142	20842983	28	105
3143	53337042	28	106
3144	3681062	28	107
3145	2170588	28	108
3146	24198020	28	109
3147	2639366	28	110
3148	91579452	28	111
3149	5722626	28	113
3150	2400000	28	114
3151	22668239	28	115
3152	332775	28	116
3153	3234576	28	118
3154	462568	28	120
3155	2076176	28	121
3156	1128754	28	123
3157	6391861	28	125
3158	1023984	28	126
3159	649944	28	129
3160	3154658	28	130
3161	1221030	28	131
3162	6293439	28	134
3163	259582	28	136
3164	23473803	28	138
3165	1147370	28	140
3166	3730111	28	141
3167	67014853	28	142
3168	1560481	28	143
3169	7159040	28	144
3170	5792640	28	146
3171	2279998	28	147
3172	3015870	28	150
3173	1280553	28	151
3174	18006266	29	1
3175	1239521	29	2
3176	51034500	29	7
3177	1276770	29	8
3178	2247605	29	12
3179	5813952	29	15
3180	3311815	29	16
3181	2366604	29	18
3182	4702890	29	21
3183	598707	29	23
3184	7342948	29	24
3185	7905330	29	25
3186	1524240	29	26
3187	9402130	29	27
3188	4189680	29	28
3189	43375834	29	29
3190	1502928	29	30
3191	8007840	29	32
3192	13094644	29	33
3193	1150968	29	34
3194	1931289	29	35
3195	1847220	29	36
3196	2115620	29	37
3197	15809322	29	39
3198	1711700	29	41
3199	3951147	29	44
3200	15188462	29	45
3201	315248882	29	48
3202	1844520	29	49
3203	1511400	29	50
3204	5549759	29	52
3205	2440397	29	54
3206	12462516	29	57
3207	3267320	29	60
3208	25112191	29	61
3209	2416260	29	62
3210	790398	29	64
3211	354314	29	65
3212	24846634	29	66
3213	10222685	29	69
3214	1783512	29	70
3215	3256002	29	71
3216	765142	29	73
3217	607376	29	74
3218	725561	29	75
3219	3797138	29	77
3220	5806224	29	78
3221	15424014	29	79
3222	1439619	29	80
3223	1780974	29	81
3224	10932597	29	82
3225	38761352	29	83
3226	40038050	29	84
3227	1027796	29	85
3228	3000207	29	86
3229	1288651	29	87
3230	9897426	29	88
3231	467136	29	89
3232	10072704	29	90
3233	2599470	29	91
3234	1543047	29	92
3235	1919560	29	93
3236	446774	29	94
3237	11879069	29	95
3238	4998750	29	96
3239	3966424	29	98
3240	16953216	29	99
3241	1742910	29	100
3242	844586	29	101
3243	628144	29	102
3244	1993908	29	103
3245	1183520	29	104
3246	25504352	29	105
3247	49222890	29	106
3248	5749757	29	107
3249	2801287	29	108
3250	30168960	29	109
3251	3039270	29	110
3252	86569027	29	111
3253	368244	29	112
3254	10752378	29	113
3255	18976719	29	115
3256	382365	29	116
3257	1921937	29	117
3258	4094400	29	118
3259	8955142	29	119
3260	705934	29	120
3261	2281639	29	122
3262	1249558	29	123
3263	1073214	29	126
3264	22526629	29	128
3265	1067976	29	131
3266	24074257	29	132
3267	1509254	29	133
3268	8520000	29	134
3269	6136387	29	135
3270	374817	29	136
3271	1564947	29	137
3272	8014304	29	139
3273	1119461	29	140
3274	3138208	29	141
3275	1565564	29	143
3276	10528000	29	144
3277	4736690	29	146
3278	2999192	29	147
3279	787952	29	149
3280	1476738	29	151
3281	917814	30	2
3282	47391036	30	4
3283	45760934	30	7
3284	785407	30	8
3285	5042026	30	11
3286	2044687	30	13
3287	2783579	30	17
3288	1724682	30	18
3289	9495405	30	19
3290	1305355	30	20
3291	4224630	30	21
3292	283617876	30	22
3293	476375	30	23
3294	7253126	30	24
3295	1195740	30	26
3296	4303529	30	28
3297	34566860	30	29
3298	1480563	30	30
3299	3550625	30	31
3300	8497208	30	32
3301	15263937	30	33
3302	1541271	30	35
3303	1542971	30	36
3304	1787565	30	37
3305	2289849	30	38
3306	943515	30	40
3307	1303167	30	41
3308	2746147	30	42
3309	3557226	30	44
3310	11767638	30	45
3311	2655660	30	46
3312	20676488	30	47
3313	265579444	30	48
3314	1931891	30	49
3315	1841160	30	50
3316	974550	30	51
3317	7084800	30	52
3318	3283380	30	53
3319	2232172	30	54
3320	2097368	30	55
3321	2341807	30	56
3322	10165132	30	57
3323	2541060	30	58
3324	3575578	30	59
3325	2788891	30	60
3326	1857696	30	62
3327	57116295	30	63
3328	454846	30	65
3329	25591355	30	66
3330	3190455	30	68
3331	8848488	30	69
3332	2744052	30	71
3333	7485858	30	72
3334	571950	30	73
3335	658818	30	75
3336	19603706	30	76
3337	3942752	30	77
3338	3379032	30	78
3339	1703472	30	80
3340	7662162	30	82
3341	36783732	30	83
3342	30609735	30	84
3343	1254712	30	85
3344	1732816	30	86
3345	1038947	30	87
3346	5909274	30	88
3347	13109328	30	90
3348	2149235	30	91
3349	1903572	30	92
3350	10376466	30	95
3351	4789125	30	96
3352	736956	30	97
3353	4790616	30	98
3354	1998750	30	100
3355	854350	30	101
3356	530742	30	102
3357	1553077	30	103
3358	19377981	30	105
3359	43786332	30	106
3360	31033175	30	109
3361	3319203	30	110
3362	64578823	30	111
3363	262866	30	112
3364	1512500	30	114
3365	13785520	30	115
3366	322335	30	116
3367	1965126	30	117
3368	5722812	30	119
3369	2157299	30	122
3370	913560	30	124
3371	955062	30	126
3372	615296	30	127
3373	656316	30	129
3374	2897677	30	130
3375	27443009	30	132
3376	900178	30	133
3377	4907520	30	134
3378	7151917	30	135
3379	357835	30	136
3380	1379889	30	137
3381	22334298	30	138
3382	1134966	30	140
3383	47765906	30	142
3384	1768883	30	143
3385	11941760	30	144
3386	3922100	30	146
3387	2010580	30	150
3388	1212780	30	151
3389	1249600	31	5
3390	1602692	31	6
3391	41167830	31	7
3392	1222604	31	8
3393	1050651	31	9
3394	7166070	31	10
3395	3873932	31	11
3396	3016600	31	13
3397	4793078	31	14
3398	6158080	31	15
3399	4038800	31	16
3400	2022950	31	17
3401	1817490	31	18
3402	4256514	31	21
3403	277230086	31	22
3404	564166	31	23
3405	5389320	31	24
3406	7443030	31	25
3407	1603080	31	26
3408	40811196	31	29
3409	1310589	31	30
3410	3823749	31	31
3411	7629691	31	32
3412	11635301	31	33
3413	948192	31	34
3414	1160653	31	35
3415	1827735	31	37
3416	2962744	31	38
3417	8194563	31	39
3418	1312245	31	40
3419	1908209	31	41
3420	1841727	31	42
3421	3775360	31	43
3422	3891462	31	44
3423	16419960	31	45
3424	20357160	31	47
3425	316262544	31	48
3426	622110	31	51
3427	2435710	31	53
3428	1957315	31	54
3429	2199592	31	56
3430	7678924	31	57
3431	2615360	31	58
3432	3585164	31	59
3433	2602187	31	60
3434	2378604	31	62
3435	865305	31	64
3436	316308	31	65
3437	25997568	31	66
3438	269136	31	67
3439	2920840	31	68
3440	12602392	31	69
3441	7581219	31	72
3442	937998	31	73
3443	850435	31	75
3444	15694810	31	76
3445	6186960	31	78
3446	9932742	31	79
3447	999864	31	80
3448	2009304	31	81
3449	12178477	31	82
3450	24819131	31	83
3451	29963959	31	84
3452	1117895	31	85
3453	1718496	31	86
3454	1689961	31	87
3455	9556973	31	88
3456	9480192	31	90
3457	1384416	31	92
3458	1374820	31	93
3459	511525	31	94
3460	4708500	31	96
3461	552717	31	97
3462	4996663	31	98
3463	13522208	31	99
3464	1918800	31	100
3465	546784	31	101
3466	520803	31	102
3467	2197368	31	103
3468	1312967	31	104
3469	39084444	31	106
3470	5491171	31	107
3471	20034075	31	109
3472	3799088	31	110
3473	416880	31	112
3474	1606250	31	114
3475	20188000	31	115
3476	1398263	31	117
3477	3838500	31	118
3478	5404878	31	119
3479	510896	31	120
3480	1249558	31	123
3481	1048608	31	124
3482	4217980	31	125
3483	685938	31	126
3484	582912	31	127
3485	13694000	31	128
3486	643572	31	129
3487	2038122	31	130
3488	20130351	31	132
3489	7997440	31	134
3490	5315322	31	135
3491	297185	31	136
3492	1597131	31	137
3493	18611915	31	138
3494	6860070	31	139
3495	917896	31	140
3496	57984483	31	142
3497	1763801	31	143
3498	6136320	31	144
3499	15404844	31	145
3500	3077340	31	146
3501	1537851	31	147
3502	4143459	31	148
3503	814572	31	149
3504	2923073	31	150
3505	1184244	31	151
3506	19139111	32	1
3507	715957	32	2
3508	18643912	32	3
3509	41182050	32	4
3510	2339063	32	6
3511	47462084	32	7
3512	847584	32	9
3513	10439460	32	10
3514	4080936	32	11
3515	2012195	32	12
3516	2879066	32	13
3517	2757826	32	14
3518	4220096	32	15
3519	3735890	32	16
3520	2233336	32	17
3521	9495405	32	19
3522	4144920	32	21
3523	338212	32	23
3524	6680234	32	25
3525	9498809	32	27
3526	3483810	32	28
3527	32894270	32	29
3528	1382157	32	30
3529	4031325	32	31
3530	6272807	32	32
3531	14790637	32	33
3532	808248	32	34
3533	1827911	32	35
3534	1950447	32	36
3535	1606800	32	37
3536	2992873	32	38
3537	13606067	32	39
3538	1171260	32	40
3539	1892695	32	41
3540	2467693	32	43
3541	11950082	32	45
3542	18201696	32	47
3543	320317192	32	48
3544	1808183	32	50
3545	806340	32	51
3546	5589119	32	52
3547	2650310	32	53
3548	2873505	32	54
3549	11612799	32	57
3550	1649460	32	58
3551	3479718	32	59
3552	3780756	32	60
3553	19156488	32	61
3554	1769831	32	62
3555	41937444	32	63
3556	591507	32	64
3557	22612467	32	66
3558	261072	32	67
3559	3235392	32	68
3560	7842977	32	69
3561	1917648	32	70
3562	3501738	32	71
3563	656675	32	74
3564	505955	32	75
3565	21676606	32	76
3566	4144370	32	77
3567	5330304	32	78
3568	11063297	32	79
3569	1441015	32	81
3570	10340804	32	82
3571	33718421	32	83
3572	27897480	32	84
3573	1640912	32	87
3574	5131098	32	88
3575	585542	32	89
3576	8147040	32	90
3577	2922279	32	91
3578	2328115	32	93
3579	315980	32	94
3580	5953710	32	95
3581	5256750	32	96
3582	1503059	32	100
3583	551666	32	101
3584	405511	32	102
3585	1586988	32	103
3586	850655	32	104
3587	13451381	32	105
3588	5126107	32	107
3589	3227214	32	108
3590	2289450	32	110
3591	252444	32	112
3592	9238320	32	113
3593	2043750	32	114
3594	422820	32	116
3595	1705989	32	117
3596	3981804	32	118
3597	1117429	32	123
3598	1175712	32	124
3599	3682620	32	125
3600	800808	32	126
3601	451352	32	127
3602	19103129	32	128
3603	584100	32	129
3604	2569806	32	130
3605	721054	32	131
3606	25060233	32	132
3607	922571	32	133
3608	5998080	32	134
3609	8081018	32	135
3610	385734	32	136
3611	1194831	32	137
3612	17244509	32	138
3613	8711200	32	139
3614	734937	32	140
3615	2691488	32	141
3616	59172690	32	142
3617	1779050	32	143
3618	16886079	32	145
3619	5536195	32	146
3620	2149931	32	147
3621	4123247	32	148
3622	793276	32	149
3623	2799346	32	150
3624	859647	32	151
3625	14905850	33	1
3626	1248984	33	2
3627	17847564	33	3
3628	49545174	33	4
3629	1408000	33	5
3630	1881152	33	6
3631	43889670	33	7
3632	858918	33	8
3633	1115397	33	9
3634	9820169	33	10
3635	3415566	33	11
3636	1558190	33	12
3637	2457292	33	13
3638	4696734	33	14
3639	5560384	33	15
3640	1820655	33	17
3641	3047195	33	18
3642	6514569	33	19
3643	3555066	33	21
3644	290005666	33	22
3645	300792	33	23
3646	7904336	33	24
3647	4969725	33	25
3648	1239540	33	26
3649	7589380	33	27
3650	2777940	33	28
3651	43152822	33	29
3652	1663956	33	30
3653	6317295	33	32
3654	596904	33	34
3655	1195260	33	36
3656	3233910	33	38
3657	13258184	33	39
3658	1117035	33	40
3659	1034260	33	41
3660	1907503	33	42
3661	2636425	33	43
3662	4547997	33	44
3663	10627363	33	45
3664	18521024	33	47
3665	221991977	33	48
3666	1286310	33	49
3667	1137672	33	50
3668	611430	33	51
3669	1940657	33	54
3670	2569351	33	56
3671	9409829	33	57
3672	2273580	33	58
3673	1917200	33	59
3674	2742215	33	60
3675	1769831	33	62
3676	58994091	33	63
3677	823977	33	64
3678	362896	33	65
3679	336671	33	67
3680	3976836	33	68
3681	10691923	33	69
3682	6985212	33	72
3683	747348	33	73
3684	759220	33	74
3685	701878	33	75
3686	21202800	33	76
3687	3680447	33	78
3688	16110422	33	79
3689	8721160	33	82
3690	24028083	33	83
3691	29318184	33	84
3692	774184	33	85
3693	1510844	33	86
3694	1587404	33	87
3695	5058144	33	88
3696	624470	33	89
3697	12516815	33	90
3698	1908379	33	92
3699	2114110	33	93
3700	488215	33	94
3701	10801731	33	95
3702	4257000	33	96
3703	666655	33	97
3704	18315528	33	99
3705	1092650	33	100
3706	939785	33	101
3707	598327	33	102
3708	2088856	33	103
3709	1224203	33	104
3710	18778662	33	105
3711	1851143	33	108
3712	3959049	33	110
3713	394878	33	112
3714	1356250	33	114
3715	21168560	33	115
3716	275355	33	116
3717	2008316	33	117
3718	2559000	33	118
3719	6199713	33	119
3720	345200	33	120
3721	3391773	33	121
3722	1004916	33	124
3723	4380210	33	125
3724	700304	33	127
3725	21773460	33	128
3726	647820	33	129
3727	802683	33	131
3728	1146496	33	133
3729	5963532	33	135
3730	369965	33	136
3731	961497	33	137
3732	19447552	33	138
3733	6772958	33	139
3734	1041936	33	140
3735	1636726	33	143
3736	11099520	33	144
3737	11299707	33	145
3738	2662548	33	147
3739	6730595	33	148
3740	692120	33	149
3741	1639396	33	150
3742	1416099	33	151
3743	18244760	34	1
3744	671802	34	2
3745	11898376	34	3
3746	1112320	34	5
3747	2085356	34	6
3748	47291970	34	7
3749	1129748	34	8
3750	927045	34	9
3751	9613740	34	10
3752	2225185	34	12
3753	2934080	34	13
3754	3347928	34	14
3755	3079585	34	16
3756	2977782	34	17
3757	2467146	34	18
3758	6346296	34	19
3759	5898540	34	21
3760	265732064	34	22
3761	401536	34	23
3762	6759105	34	24
3763	7050075	34	25
3764	1528620	34	26
3765	5800800	34	27
3766	3233339	34	28
3767	24196802	34	29
3768	988533	34	30
3769	2272400	34	31
3770	8319256	34	32
3771	15066729	34	33
3772	702576	34	34
3773	1376807	34	35
3774	1097466	34	36
3775	1372475	34	37
3776	3294169	34	38
3777	7962641	34	39
3778	856755	34	40
3779	4133914	34	43
3780	3998895	34	44
3781	19638672	34	47
3782	246319866	34	48
3783	1296018	34	49
3784	598079	34	51
3785	7753919	34	52
3786	3766230	34	53
3787	3256639	34	54
3788	2286375	34	55
3789	1943605	34	56
3790	2340450	34	58
3791	3613922	34	59
3792	21305453	34	61
3793	2083632	34	62
3794	42406893	34	63
3795	906633	34	64
3796	479366	34	65
3797	26809992	34	66
3798	272160	34	67
3799	2887138	34	68
3800	1569888	34	70
3801	3819147	34	71
3802	765142	34	73
3803	558076	34	74
3804	20906672	34	76
3805	4144370	34	77
3806	15100998	34	79
3807	976719	34	80
3808	23830321	34	83
3809	49853830	34	84
3810	1157939	34	85
3811	2176761	34	86
3812	1172717	34	87
3813	7076538	34	88
3814	395768	34	89
3815	8739552	34	90
3816	1634380	34	92
3817	1348880	34	93
3818	515409	34	94
3819	10064605	34	95
3820	4934250	34	96
3821	688472	34	97
3822	3335402	34	98
3823	1508390	34	100
3824	637101	34	101
3825	485023	34	102
3826	2353354	34	103
3827	850655	34	104
3828	40700717	34	106
3829	4624144	34	107
3830	25455060	34	109
3831	3029272	34	110
3832	82393672	34	111
3833	365928	34	112
3834	8879052	34	113
3835	2237500	34	114
3836	1441452	34	117
3837	2159796	34	118
3838	7524439	34	119
3839	410788	34	120
3840	1185381	34	123
3841	1263096	34	124
3842	4136865	34	125
3843	889422	34	126
3844	793408	34	127
3845	22047340	34	128
3846	2321686	34	130
3847	1054372	34	131
3848	26292704	34	132
3849	1710787	34	133
3850	8997120	34	134
3851	5985138	34	135
3852	269286	34	136
3853	17700311	34	138
3854	4660492	34	139
3855	821765	34	140
3856	49904678	34	142
3857	1164007	34	143
3858	8001280	34	144
3859	16589832	34	145
3860	4344480	34	146
3861	2937984	34	147
3862	4689184	34	148
3863	2876676	34	150
3864	1102203	34	151
3865	15502084	35	1
3866	27750365	35	4
3867	1003199	35	5
3868	1168371	35	9
3869	10911300	35	10
3870	3190812	35	13
3871	4588348	35	14
3872	4528000	35	15
3873	2705996	35	16
3874	8413650	35	19
3875	845777	35	20
3876	3794196	35	21
3877	360271355	35	22
3878	352604	35	23
3879	4513555	35	24
3880	6749580	35	25
3881	1007400	35	26
3882	8532010	35	27
3883	4337685	35	28
3884	41926256	35	29
3885	1619226	35	30
3886	2458125	35	31
3887	8341500	35	32
3888	14553987	35	33
3889	1376807	35	35
3890	2086272	35	36
3891	1660360	35	37
3892	2882398	35	38
3893	1149570	35	40
3894	2042663	35	41
3895	1948614	35	42
3896	2530968	35	43
3897	4273446	35	44
3898	3072978	35	46
3899	23710104	35	47
3900	1291164	35	49
3901	1918103	35	50
3902	1025280	35	51
3903	3658930	35	53
3904	2956795	35	54
3905	2188823	35	55
3906	2872743	35	56
3907	3709782	35	59
3908	2403814	35	60
3909	20568665	35	61
3910	1311684	35	62
3911	62280233	35	63
3912	627669	35	64
3913	415613	35	65
3914	22003150	35	66
3915	4179048	35	68
3916	13373282	35	69
3917	2672379	35	71
3918	615164	35	73
3919	656675	35	74
3920	15813261	35	76
3921	3662727	35	77
3922	5457216	35	78
3923	11275214	35	82
3924	37475899	35	83
3925	34484385	35	84
3926	931022	35	85
3927	2370092	35	86
3928	1721174	35	87
3929	4960872	35	88
3930	515796	35	89
3931	14812800	35	90
3932	2183215	35	91
3933	1600730	35	92
3934	1984410	35	93
3935	7399611	35	95
3936	4885875	35	96
3937	4262618	35	98
3938	16398200	35	99
3939	1071330	35	100
3940	435328	35	102
3941	23906169	35	105
3942	38202840	35	106
3943	4791465	35	107
3944	2326215	35	108
3945	17441430	35	109
3946	2439414	35	110
3947	91301095	35	111
3948	8314488	35	113
3949	11824400	35	115
3950	476325	35	116
3951	1986721	35	117
3952	2538528	35	118
3953	9405548	35	119
3954	3545944	35	121
3955	1342872	35	122
3956	1096272	35	124
3957	3260823	35	125
3958	705630	35	126
3959	560647	35	127
3960	21978870	35	128
3961	679680	35	129
3962	2649558	35	130
3963	1047569	35	131
3964	18980045	35	132
3965	4623898	35	135
3966	298398	35	136
3967	852876	35	137
3968	30158899	35	138
3969	7252073	35	139
3970	818664	35	140
3971	66301929	35	142
3972	2002701	35	143
3973	8151680	35	144
3974	14135213	35	145
3975	4133289	35	146
3976	2777313	35	147
3977	7539076	35	148
3978	745360	35	149
3979	1817255	35	150
3980	18483254	36	1
3981	26609940	36	4
3982	1348159	36	5
3983	50864385	36	7
3984	959418	36	9
3985	7018620	36	10
3986	4036578	36	11
3987	1877675	36	12
3988	2943249	36	13
3989	1820655	36	17
3990	5691294	36	21
3991	431814603	36	22
3992	8330990	36	24
3993	5848095	36	25
3994	5148210	36	27
3995	3722895	36	28
3996	38246558	36	29
3997	1453725	36	30
3998	8452720	36	32
3999	9939308	36	33
4000	699720	36	34
4001	1686941	36	35
4002	1173528	36	36
4003	2282995	36	37
4004	1341165	36	40
4005	2042663	36	41
4006	2195274	36	42
4007	2710244	36	43
4008	4643493	36	44
4009	18198789	36	45
4010	3148854	36	46
4011	21394976	36	47
4012	304098600	36	48
4013	1384992	36	50
4014	6947040	36	52
4015	4141780	36	53
4016	3031756	36	54
4017	2176629	36	55
4018	2806376	36	56
4019	7741866	36	57
4020	2147270	36	58
4021	3633094	36	59
4022	2096183	36	62
4023	34582743	36	63
4024	663831	36	64
4025	404580	36	65
4026	23221785	36	66
4027	370944	36	67
4028	4358791	36	68
4029	7172638	36	69
4030	1013471	36	70
4031	3829386	36	71
4032	5292549	36	72
4033	522580	36	74
4034	544709	36	75
4035	14214168	36	76
4036	4357189	36	77
4037	4537104	36	78
4038	10247362	36	82
4039	37574780	36	83
4040	44816785	36	84
4041	880968	36	85
4042	1150422	36	87
4043	9167886	36	88
4044	544992	36	89
4045	10257863	36	90
4046	2293650	36	91
4047	1249820	36	92
4048	1854710	36	93
4049	344470	36	94
4050	7569717	36	95
4051	4708500	36	96
4052	661806	36	97
4053	18365984	36	99
4054	744505	36	101
4055	560559	36	102
4056	1342555	36	104
4057	17846388	36	105
4058	2170588	36	108
4059	2059505	36	110
4060	61795254	36	111
4061	276762	36	112
4062	5979246	36	113
4063	16669519	36	115
4064	445005	36	116
4065	2067702	36	117
4066	3193632	36	118
4067	8292779	36	119
4068	448760	36	120
4069	1260883	36	123
4070	6116071	36	125
4071	1191366	36	126
4072	681804	36	129
4073	2986291	36	130
4074	768671	36	131
4075	1204716	36	133
4076	7293120	36	134
4077	8556372	36	135
4078	310528	36	136
4079	16712740	36	138
4080	855876	36	140
4081	2468128	36	141
4082	54657504	36	142
4083	1606228	36	143
4084	8933760	36	144
4085	14939313	36	145
4086	3288530	36	146
4087	1553153	36	147
4088	6932715	36	148
4089	1832721	36	150
4090	1255584	36	151
4091	914659	37	2
4092	12741568	37	3
4093	999679	37	5
4094	1602692	37	6
4095	50864385	37	7
4096	994333	37	8
4097	838754	37	9
4098	4036578	37	11
4099	2411447	37	13
4100	4709120	37	15
4101	2119115	37	18
4102	6129945	37	19
4103	332165080	37	22
4104	359800	37	23
4105	5636330	37	24
4106	6379740	37	25
4107	1151940	37	26
4108	6695089	37	27
4109	3165030	37	28
4110	30664150	37	29
4111	1140615	37	30
4112	6250564	37	32
4113	11319767	37	33
4114	785400	37	34
4115	1362710	37	35
4116	1619034	37	36
4117	1767480	37	37
4118	1473820	37	41
4119	2236384	37	42
4120	3016070	37	43
4121	13227190	37	45
4122	3768508	37	46
4123	20357160	37	47
4124	283825360	37	48
4125	1228062	37	49
4126	1500408	37	50
4127	795660	37	51
4128	5667840	37	52
4129	2265488	37	54
4130	2013530	37	58
4131	3349002	37	60
4132	16454932	37	61
4133	42406893	37	63
4134	751653	37	64
4135	354314	37	65
4136	17196308	37	66
4137	2825964	37	71
4138	6508405	37	72
4139	522580	37	74
4140	579156	37	75
4141	2833853	37	77
4142	4568832	37	78
4143	10942167	37	79
4144	1212798	37	80
4145	1441015	37	81
4146	8783454	37	82
4147	25511298	37	83
4148	36680020	37	84
4149	961056	37	85
4150	1969110	37	86
4151	1172717	37	87
4152	6954948	37	88
4153	457403	37	89
4154	10850376	37	90
4155	2446560	37	91
4156	376845	37	94
4157	4386000	37	96
4158	673927	37	97
4159	3618718	37	98
4160	14581783	37	99
4161	681038	37	101
4162	576462	37	102
4163	1898960	37	103
4164	1098454	37	104
4165	18978435	37	105
4166	4548089	37	107
4167	2146015	37	108
4168	2699352	37	110
4169	83228743	37	111
4170	332346	37	112
4171	7082712	37	113
4172	1850000	37	114
4173	15285200	37	115
4174	375840	37	116
4175	1538629	37	117
4176	2589708	37	118
4177	7868867	37	119
4178	445308	37	120
4179	3001205	37	121
4180	1809147	37	122
4181	1036692	37	124
4182	4331541	37	125
4183	981318	37	126
4184	20267120	37	128
4185	537372	37	129
4186	2454607	37	130
4187	884312	37	131
4188	6679680	37	134
4189	5985138	37	135
4190	356622	37	136
4191	1086210	37	137
4192	19827387	37	138
4193	790755	37	140
4194	64400799	37	142
4195	1311414	37	143
4196	7820800	37	144
4197	11722916	37	145
4198	4042780	37	146
4199	2096373	37	147
4200	5942328	37	148
4201	713416	37	149
4202	2172973	37	150
4203	19616098	38	1
4204	924122	38	2
4205	12647880	38	3
4206	42069048	38	4
4207	869440	38	5
4208	1324232	38	6
4209	64133355	38	7
4210	11383140	38	10
4211	5677824	38	11
4212	2113085	38	12
4213	2686517	38	13
4214	3408143	38	14
4215	5252480	38	15
4216	3130070	38	16
4217	2529018	38	18
4218	6562647	38	19
4219	1506180	38	20
4220	323222174	38	22
4221	408732	38	23
4222	4625833	38	24
4223	5316450	38	25
4224	6791770	38	27
4225	3950595	38	28
4226	44267882	38	29
4227	1180872	38	30
4228	2425350	38	31
4229	7918864	38	32
4230	11990276	38	33
4231	785400	38	34
4232	1574165	38	35
4233	2661448	38	38
4234	1030274	38	40
4235	2037492	38	41
4236	3280577	38	42
4237	3374624	38	43
4238	15918238	38	45
4239	17004216	38	47
4240	398369165	38	48
4241	1135836	38	49
4242	1940088	38	50
4243	913140	38	51
4244	6632160	38	52
4245	3337030	38	53
4246	1832380	38	54
4247	2123744	38	56
4248	8843351	38	57
4249	2128092	38	59
4250	1826316	38	62
4251	58055193	38	63
4252	929880	38	64
4253	270946	38	65
4254	389088	38	67
4255	2617522	38	68
4256	8211665	38	69
4257	1967328	38	70
4258	6746808	38	72
4259	655836	38	73
4260	435812	38	74
4261	682501	38	75
4262	18063838	38	76
4263	3147481	38	77
4264	5076480	38	78
4265	8277284	38	79
4266	1735875	38	80
4267	1598310	38	81
4268	11742419	38	82
4269	33026253	38	83
4270	45333405	38	84
4271	1177961	38	85
4272	384414	38	89
4273	14035128	38	90
4274	3092180	38	91
4275	1442100	38	92
4276	2542120	38	93
4277	273245	38	94
4278	5547000	38	96
4279	3605840	38	98
4280	16852304	38	99
4281	1844180	38	100
4282	524815	38	101
4283	646035	38	102
4284	924625	38	104
4285	35117226	38	106
4286	4517667	38	107
4287	3899064	38	110
4288	441198	38	112
4289	7647276	38	113
4290	14535360	38	115
4291	304065	38	116
4292	1522433	38	117
4293	2661360	38	118
4294	5722812	38	119
4295	388350	38	120
4296	2888146	38	121
4297	1691024	38	122
4298	1136305	38	123
4299	1406088	38	124
4300	611248	38	127
4301	18486900	38	128
4302	490644	38	129
4303	2560944	38	130
4304	1163210	38	131
4305	22677457	38	132
4306	6679680	38	134
4307	5142466	38	135
4308	462153	38	136
4309	8362752	38	139
4310	78421637	38	142
4311	1087762	38	143
4312	3514805	38	146
4313	6932715	38	148
4314	798600	38	149
4315	1062966	38	151
4316	15323213	39	1
4317	17191748	39	3
4318	43462902	39	4
4319	1806896	39	6
4320	61921860	39	7
4321	824097	39	8
4322	668060	39	9
4323	6458309	39	10
4324	5574322	39	11
4325	1160235	39	12
4326	2879066	39	13
4327	4817164	39	14
4328	5071360	39	15
4329	3695502	39	16
4330	1832958	39	18
4331	6418413	39	19
4332	876673	39	20
4333	554092	39	23
4334	7095938	39	24
4335	7443030	39	25
4336	5269060	39	27
4337	3848129	39	28
4338	43933363	39	29
4339	3616175	39	31
4340	7807644	39	32
4341	13331294	39	33
4342	1062432	39	34
4343	1061974	39	35
4344	1874384	39	36
4345	2356640	39	37
4346	3304212	39	38
4347	10707047	39	39
4348	2450156	39	42
4349	2614202	39	44
4350	11585194	39	45
4351	31693304	39	47
4352	229087612	39	48
4353	1708608	39	49
4354	1214616	39	50
4355	651480	39	51
4356	5785920	39	52
4357	2280278	39	55
4358	7962163	39	57
4359	1790630	39	58
4360	2118506	39	59
4361	59776506	39	63
4362	645750	39	64
4363	296692	39	65
4364	19565878	39	66
4365	318528	39	67
4366	4358791	39	68
4367	1629503	39	70
4368	8820916	39	72
4369	402288	39	74
4370	499495	39	75
4371	20077512	39	76
4372	4166772	39	77
4373	15585522	39	79
4374	1618606	39	81
4375	9686717	39	82
4376	22643749	39	83
4377	45591715	39	84
4378	1328125	39	85
4379	2570583	39	86
4380	632580	39	89
4381	10109736	39	90
4382	2769370	39	91
4383	1249820	39	92
4384	2042775	39	93
4385	415695	39	94
4386	5811955	39	95
4387	749077	39	97
4388	654188	39	101
4389	467133	39	102
4390	1142836	39	104
4391	16780932	39	105
4392	35117226	39	106
4393	3163888	39	107
4394	2195161	39	108
4395	18148515	39	109
4396	2419419	39	110
4397	400668	39	112
4398	7724262	39	113
4399	2012500	39	114
4400	503730	39	116
4401	2855843	39	118
4402	8372263	39	119
4403	514348	39	120
4404	1591552	39	122
4405	1377911	39	123
4406	1100243	39	124
4407	5921395	39	125
4408	1129008	39	126
4409	625416	39	127
4410	16364330	39	128
4411	2241934	39	130
4412	1261845	39	131
4413	29825786	39	132
4414	1500297	39	133
4415	8189053	39	135
4416	251091	39	136
4417	1259199	39	137
4418	24157506	39	138
4419	81273333	39	142
4420	1677390	39	143
4421	9144320	39	144
4422	12611658	39	145
4423	4103120	39	146
4424	2257045	39	147
4425	7357168	39	148
4426	897094	39	149
4427	2783880	39	150
4428	1202079	39	151
4429	22955009	40	1
4430	936738	40	2
4431	1059520	40	5
4432	1079451	40	8
4433	6841679	40	10
4434	2236395	40	12
4435	3179328	40	14
4436	3749184	40	15
4437	2403264	40	17
4438	2846112	40	18
4439	3188400	40	21
4440	468863786	40	22
4441	529625	40	23
4442	6085440	40	24
4443	6472200	40	25
4444	1664400	40	26
4445	6332540	40	27
4446	3039795	40	28
4447	32894270	40	29
4448	1252440	40	30
4449	3353975	40	31
4450	8007840	40	32
4451	13094644	40	33
4452	1531874	40	35
4453	1542971	40	36
4454	1492985	40	37
4455	3987150	40	38
4456	9199556	40	39
4457	1820297	40	41
4458	2770814	40	42
4459	2762973	40	43
4460	4619619	40	44
4461	2630368	40	46
4462	22113463	40	47
4463	280784373	40	48
4464	1859081	40	49
4465	1846656	40	50
4466	744929	40	51
4467	7084800	40	52
4468	2693230	40	53
4469	1665800	40	54
4470	2237599	40	55
4471	2009972	40	56
4472	1612310	40	58
4473	1936371	40	59
4474	19524882	40	61
4475	34113294	40	63
4476	823977	40	64
4477	299144	40	65
4478	15165247	40	66
4479	335663	40	67
4480	2651224	40	68
4481	12602392	40	69
4482	1505304	40	70
4483	2590467	40	71
4484	910036	40	73
4485	583712	40	74
4486	4108776	40	78
4487	1846970	40	80
4488	1030022	40	81
4489	6447429	40	82
4490	33026253	40	83
4491	44816785	40	84
4492	2577744	40	86
4493	1052324	40	87
4494	5277006	40	88
4495	334132	40	89
4496	13812936	40	90
4497	3117665	40	91
4498	1720906	40	92
4499	2217870	40	93
4500	413105	40	94
4501	7229505	40	95
4502	3434625	40	96
4503	5009542	40	98
4504	1700270	40	100
4505	944667	40	101
4506	2604288	40	103
4507	1294475	40	104
4508	31590810	40	106
4509	4167813	40	107
4510	17362865	40	109
4511	86290670	40	111
4512	444672	40	112
4513	1675000	40	114
4514	14650720	40	115
4515	332775	40	116
4516	1392864	40	117
4517	2210976	40	118
4518	10173889	40	119
4519	571306	40	120
4520	3062873	40	121
4521	1858883	40	122
4522	1181606	40	123
4523	6424308	40	125
4524	532312	40	127
4525	16090450	40	128
4526	518256	40	129
4527	2525499	40	130
4528	1057773	40	131
4529	29332797	40	132
4530	1012141	40	133
4531	7111360	40	134
4532	8037804	40	135
4533	414846	40	136
4534	844830	40	137
4535	21650595	40	138
4536	5292054	40	139
4537	939603	40	140
4538	3395072	40	141
4539	50617602	40	142
4540	1535066	40	143
4541	8181760	40	144
4542	11003460	40	145
4543	3439380	40	146
4544	2593688	40	147
4545	875797	40	149
4546	2466827	40	150
4547	1276986	40	151
4548	21702917	41	1
4549	26483226	41	4
4550	1179200	41	5
4551	2413320	41	6
4552	64813815	41	7
4553	1497303	41	8
4554	7372500	41	10
4555	3918290	41	11
4556	1333990	41	12
4557	2631503	41	13
4558	4720820	41	14
4559	3877248	41	16
4560	2346622	41	17
4561	2985324	41	18
4562	7283817	41	19
4563	357716240	41	22
4564	392901	41	23
4565	7747147	41	24
4566	7178490	41	27
4567	3779820	41	28
4568	7318275	41	32
4569	7967223	41	33
4570	868224	41	34
4571	1719834	41	35
4572	2031942	41	36
4573	1693835	41	37
4574	2078942	41	38
4575	12214537	41	39
4576	1272139	41	41
4577	3165470	41	42
4578	2411274	41	44
4579	1232916	41	49
4580	1264080	41	50
4581	723570	41	51
4582	2639580	41	53
4583	3678627	41	56
4584	10353958	41	57
4585	2511339	41	58
4586	1984302	41	59
4587	3150630	41	60
4588	21305453	41	61
4589	2184048	41	62
4590	47101383	41	63
4591	821394	41	64
4592	284432	41	65
4593	293328	41	67
4594	3875729	41	68
4595	8915522	41	69
4596	1629503	41	70
4597	2856680	41	71
4598	6198481	41	72
4599	948166	41	73
4600	589628	41	74
4601	792304	41	75
4602	17412355	41	76
4603	10699905	41	79
4604	1110960	41	80
4605	1420720	41	81
4606	25313536	41	83
4607	45979180	41	84
4608	2420215	41	86
4609	1288651	41	87
4610	506064	41	89
4611	1928364	41	91
4612	1187329	41	92
4613	1335910	41	93
4614	387205	41	94
4615	7966631	41	95
4616	3853875	41	96
4617	833924	41	97
4618	4275496	41	98
4619	18618264	41	99
4620	1503059	41	100
4621	851909	41	101
4622	562547	41	102
4623	2156676	41	103
4624	33941754	41	106
4625	5065262	41	107
4626	2358979	41	108
4627	25297930	41	109
4628	3149244	41	110
4629	348558	41	112
4630	1318750	41	114
4631	15285200	41	115
4632	272745	41	116
4633	1571021	41	117
4634	8372263	41	119
4635	661057	41	120
4636	2651749	41	121
4637	1185381	41	123
4638	1537164	41	124
4639	4169311	41	125
4640	1266852	41	126
4641	752928	41	127
4642	18829250	41	128
4643	809244	41	129
4644	3402777	41	130
4645	24238586	41	132
4646	895700	41	133
4647	6747840	41	134
4648	6028352	41	135
4649	380882	41	136
4650	1303452	41	137
4651	17852245	41	138
4652	6206729	41	139
4653	1048137	41	140
4654	4422528	41	141
4655	1367326	41	143
4656	7941120	41	144
4657	14262177	41	145
4658	5174155	41	146
4659	2142280	41	147
4660	7801832	41	148
4661	569668	41	149
4662	2250303	41	150
4663	1273419	41	151
4664	958816	42	2
4665	15271144	42	3
4666	1998723	42	6
4667	59200019	42	7
4668	9230370	42	10
4669	2659010	42	13
4670	3757387	42	14
4671	5198144	42	15
4672	2532733	42	17
4673	2660496	42	18
4674	8966547	42	19
4675	1073636	42	20
4676	6631872	42	21
4677	397320538	42	22
4678	405854	42	23
4679	6107896	42	24
4680	7119420	42	25
4681	1585560	42	26
4682	8338649	42	27
4683	3916439	42	28
4684	34678366	42	29
4685	1400049	42	30
4686	951047	42	34
4687	1858086	42	36
4688	2336555	42	37
4689	2781966	42	38
4690	13103570	42	39
4691	1279710	42	40
4692	3412130	42	42
4693	17149736	42	45
4694	4464038	42	46
4695	25386576	42	47
4696	328426488	42	48
4697	1334850	42	49
4698	2247864	42	50
4699	2830830	42	58
4700	3699073	42	60
4701	937629	42	64
4702	20649110	42	66
4703	3797091	42	68
4704	1346328	42	70
4705	3153612	42	71
4706	9106999	42	72
4707	838860	42	73
4708	627096	42	74
4709	617911	42	75
4710	21972734	42	76
4711	4401993	42	77
4712	10982544	42	79
4713	1499796	42	80
4714	1603384	42	81
4715	10247362	42	82
4716	49208055	42	84
4717	1187972	42	85
4718	2319969	42	86
4719	1556191	42	87
4720	8851752	42	88
4721	520662	42	89
4722	1321925	42	92
4723	454545	42	94
4724	10518221	42	95
4725	4740750	42	96
4726	756350	42	97
4727	4378520	42	98
4728	16852304	42	99
4729	2153320	42	100
4730	768915	42	101
4731	558571	42	102
4732	2488994	42	103
4733	1135439	42	104
4734	18578888	42	105
4735	4806676	42	107
4736	3055205	42	108
4737	2759337	42	110
4738	109394300	42	111
4739	341610	42	112
4740	8699418	42	113
4741	1856250	42	114
4742	20188000	42	115
4743	515475	42	116
4744	8584219	42	119
4745	724920	42	120
4746	4152352	42	121
4747	2331375	42	122
4748	1102329	42	123
4749	1143936	42	124
4750	5840280	42	125
4751	1197930	42	126
4752	825792	42	127
4753	709415	42	129
4754	3181242	42	130
4755	33769691	42	132
4756	1383856	42	133
4757	9269760	42	134
4758	6287637	42	135
4759	339640	42	136
4760	1508625	42	137
4761	20814957	42	138
4762	6794736	42	139
4763	81510974	42	142
4764	1514734	42	143
4765	10979200	42	144
4766	12653979	42	145
4767	4103120	42	146
4768	3029796	42	147
4769	7357168	42	148
4770	1008898	42	149
4771	2907608	42	150
4772	1405397	42	151
4773	19675722	43	1
4774	671802	43	2
4775	17800720	43	3
4776	1757391	43	6
4777	756351	43	9
4778	11029260	43	10
4779	5485606	43	11
4780	2006590	43	12
4781	3275671	43	14
4782	7118015	43	15
4783	3150264	43	16
4784	2338530	43	17
4785	2815176	43	18
4786	9279054	43	19
4787	1054326	43	20
4788	3969558	43	21
4789	381989842	43	22
4790	476375	43	23
4791	5547600	43	25
4792	1563660	43	26
4793	6163350	43	27
4794	3483810	43	28
4795	4009475	43	31
4796	7340520	43	32
4797	888216	43	34
4798	1621154	43	35
4799	1472900	43	37
4800	3213824	43	38
4801	10011282	43	39
4802	2080166	43	42
4803	2646970	43	43
4804	2554518	43	44
4805	11722027	43	45
4806	2579784	43	46
4807	18121864	43	47
4808	369986630	43	48
4809	1334850	43	49
4810	696870	43	51
4811	5844960	43	52
4812	3465789	43	53
4813	2207185	43	54
4814	1292564	43	55
4815	6986562	43	57
4816	2726810	43	58
4817	2952488	43	59
4818	4177502	43	60
4819	1443480	43	62
4820	54143118	43	63
4821	329793	43	65
4822	22206255	43	66
4823	349776	43	67
4824	2572586	43	68
4825	1728863	43	70
4826	2610945	43	71
4827	988838	43	73
4828	745415	43	74
4829	4379591	43	77
4830	15504768	43	79
4831	1606263	43	80
4832	2004230	43	81
4833	6509723	43	82
4834	24324726	43	83
4835	45591715	43	84
4836	1034470	43	85
4837	2556262	43	86
4838	1698879	43	87
4839	6249726	43	88
4840	510930	43	89
4841	11702112	43	90
4842	2285154	43	91
4843	337995	43	94
4844	4579500	43	96
4845	576959	43	97
4846	4958030	43	98
4847	15893640	43	99
4848	1311180	43	100
4849	574474	43	102
4850	1702282	43	103
4851	1135439	43	104
4852	25704126	43	105
4853	45402606	43	106
4854	5764969	43	107
4855	27419185	43	109
4856	2269455	43	110
4857	96033165	43	111
4858	9520602	43	113
4859	2049999	43	114
4860	16323440	43	115
4861	311895	43	116
4862	1230903	43	117
4863	2958204	43	118
4864	607552	43	120
4865	1628854	43	122
4866	796546	43	123
4867	5175137	43	125
4868	853320	43	126
4869	580888	43	127
4870	21020290	43	128
4871	664812	43	129
4872	3269856	43	130
4873	945533	43	131
4874	32372891	43	132
4875	1433120	43	133
4876	6975040	43	134
4877	6719777	43	135
4878	929313	43	137
4879	29019394	43	138
4880	5814726	43	139
4881	2635648	43	141
4882	72005321	43	142
4883	1763801	43	143
4884	11701120	43	144
4885	3650570	43	146
4886	7761408	43	148
4887	561682	43	149
4888	1995114	43	150
4889	866781	43	151
4890	820040	44	2
4891	15552208	44	3
4892	44096472	44	4
4893	749760	44	5
4894	2332876	44	6
4895	59540249	44	7
4896	1137486	44	8
4897	8552100	44	10
4898	3075488	44	11
4899	1429275	44	12
4900	2897404	44	13
4901	3697173	44	14
4902	3039197	44	16
4903	2136235	44	17
4904	2505816	44	18
4905	977086	44	20
4906	4639122	44	21
4907	493137388	44	22
4908	558409	44	23
4909	7028571	44	24
4910	902280	44	26
4911	6525900	44	27
4912	1502928	44	30
4913	2862350	44	31
4914	7696424	44	32
4915	1125264	44	34
4916	1792890	44	36
4917	1901379	44	37
4918	3495033	44	38
4919	7808027	44	39
4920	726615	44	40
4921	2021978	44	41
4922	2170608	44	42
4923	4166012	44	44
4924	13135968	44	45
4925	3401773	44	46
4926	27462207	44	47
4927	386205222	44	48
4928	1771710	44	49
4929	675510	44	51
4930	6415680	44	52
4931	3970100	44	53
4932	1993719	44	55
4933	2578832	44	56
4934	7804808	44	57
4935	2971660	44	59
4936	19831876	44	61
4937	40685580	44	63
4938	774900	44	64
4939	321212	44	65
4940	16316182	44	66
4941	324576	44	67
4942	3538710	44	68
4943	11395780	44	69
4944	1018439	44	70
4945	3153612	44	71
4946	6794489	44	72
4947	559240	44	73
4948	581740	44	74
4949	3606722	44	77
4950	3569400	44	78
4951	1217427	44	80
4952	1877380	44	81
4953	8067073	44	82
4954	23830321	44	83
4955	38100725	44	84
4956	1164613	44	85
4957	2155280	44	86
4958	1743469	44	87
4959	8608572	44	88
4960	486600	44	89
4961	3100675	44	91
4962	1884344	44	92
4963	1465610	44	93
4964	415695	44	94
4965	10376466	44	95
4966	6175874	44	96
4967	710290	44	97
4968	4597446	44	98
4969	17609144	44	99
4970	1369810	44	100
4971	620014	44	101
4972	779217	44	102
4973	2143112	44	103
4974	1113248	44	104
4975	15182748	44	105
4976	2662042	44	108
4977	16577215	44	109
4978	3179236	44	110
4979	101600305	44	111
4980	289500	44	112
4981	5953584	44	113
4982	1425000	44	114
4983	11593680	44	115
4984	1468446	44	117
4985	3357407	44	118
4986	8981636	44	119
4987	495361	44	120
4988	3432885	44	121
4989	1796712	44	122
4990	1268433	44	123
4991	1267068	44	124
4992	3650175	44	125
4993	1227468	44	126
4994	1125797	44	131
4995	26621362	44	132
4996	1052447	44	133
4997	8270080	44	134
4998	7130310	44	135
4999	1158624	44	137
5000	26436516	44	138
5001	8123194	44	139
5002	3127040	44	141
5003	81510974	44	142
5004	2028116	44	143
5005	10136960	44	144
5006	8972052	44	145
5007	3047170	44	146
5008	2448320	44	147
5009	4770032	44	148
5010	681472	44	149
5011	1194945	44	151
5012	16575305	45	1
5013	933584	45	2
5014	13537915	45	3
5015	32818926	45	4
5016	1006720	45	5
5017	48993120	45	7
5018	1118141	45	8
5019	868185	45	9
5020	8522610	45	10
5021	3829574	45	11
5022	1625450	45	12
5023	2613165	45	13
5024	3263628	45	14
5025	4980800	45	15
5026	2395172	45	17
5027	969362	45	20
5028	4782600	45	21
5029	367936704	45	22
5030	379948	45	23
5031	6534550	45	24
5032	6634004	45	25
5033	1239540	45	26
5034	6356710	45	27
5035	3210569	45	28
5036	3222875	45	31
5037	6361784	45	32
5038	11162001	45	33
5039	848232	45	34
5040	1292225	45	35
5041	1564704	45	36
5042	1747395	45	37
5043	2912528	45	38
5044	10823008	45	39
5045	1019429	45	40
5046	1432450	45	41
5047	2252827	45	42
5048	2784064	45	43
5049	12771080	45	45
5050	3540880	45	46
5051	21714304	45	47
5052	293961980	45	48
5053	1237770	45	49
5054	752939	45	51
5055	5116800	45	52
5056	2779070	45	53
5057	2382094	45	54
5058	1573026	45	55
5059	2768452	45	56
5060	9315416	45	57
5061	2693666	45	59
5062	3080616	45	60
5063	15840942	45	61
5064	1782383	45	62
5065	694826	45	64
5066	3246625	45	68
5067	9384760	45	69
5068	1490400	45	70
5069	2559750	45	71
5070	6246162	45	72
5071	591600	45	74
5072	570545	45	75
5073	17471581	45	76
5074	11386313	45	79
5075	1203540	45	80
5076	8503131	45	82
5077	28675489	45	83
5078	36680020	45	84
5079	877631	45	85
5080	6152454	45	88
5081	2489035	45	91
5082	1384416	45	92
5083	380730	45	94
5084	719987	45	97
5085	12614000	45	99
5086	1487069	45	100
5087	1770102	45	103
5088	19577754	45	105
5089	36733500	45	106
5090	3863594	45	107
5091	2342597	45	108
5092	23098110	45	109
5093	2729344	45	110
5094	77383246	45	111
5095	336978	45	112
5096	7493303	45	113
5097	1774999	45	114
5098	14766080	45	115
5099	347130	45	116
5100	2559000	45	118
5101	6835582	45	119
5102	497088	45	120
5103	2662027	45	121
5104	1659939	45	122
5105	1060803	45	123
5106	1167768	45	124
5107	4250426	45	125
5108	556600	45	127
5109	2543221	45	130
5110	945533	45	131
5111	23992092	45	132
5112	1267415	45	133
5113	6566079	45	134
5114	5617820	45	135
5115	1146555	45	137
5116	6315620	45	139
5117	824866	45	140
5118	3093535	45	141
5119	70579473	45	142
5120	1326663	45	143
5121	8632960	45	144
5122	12315411	45	145
5123	4495330	45	146
5124	2111676	45	147
5125	771980	45	149
5126	2312167	45	150
5127	927420	45	151
5128	21762541	46	1
5129	1605386	46	2
5130	24405724	46	3
5131	49291746	46	4
5132	1636800	46	5
5133	2139556	46	8
5134	1130112	46	9
5135	13476930	46	10
5136	7333856	46	11
5137	5636081	46	14
5138	7281024	46	15
5139	5169664	46	16
5140	3884064	46	17
5141	10529081	46	19
5142	1556385	46	20
5143	491859830	46	22
5144	659153	46	23
5145	8443268	46	24
5146	11118315	46	25
5147	1730100	46	26
5148	11311560	46	27
5149	5111865	46	28
5150	51738784	46	29
5151	1811565	46	30
5152	4992725	46	31
5153	8319256	46	32
5154	16289422	46	33
5155	1382304	46	34
5156	1912493	46	35
5157	2194932	46	36
5158	3635384	46	37
5159	19056224	46	39
5160	2031630	46	40
5161	2435682	46	41
5162	4653652	46	42
5163	5905592	46	43
5164	6708594	46	44
5165	24173830	46	45
5166	479462126	46	48
5167	2655138	46	49
5168	1527240	46	51
5169	4239461	46	54
5170	2176629	46	55
5171	5157664	46	56
5172	13784297	46	57
5173	4150738	46	59
5174	22287837	46	61
5175	2441364	46	62
5176	64627479	46	63
5177	1374156	46	64
5178	27283905	46	66
5179	396143	46	67
5180	5369852	46	68
5181	13674936	46	69
5182	1902743	46	70
5183	11967837	46	72
5184	1459108	46	73
5185	865708	46	74
5186	775080	46	75
5187	33284843	46	76
5188	5667706	46	77
5189	8201688	46	78
5190	23418660	46	79
5191	2186894	46	81
5192	11181773	46	82
5193	49836024	46	83
5194	49724675	46	84
5195	1224679	46	85
5196	4045625	46	86
5197	2216123	46	87
5198	8730162	46	88
5199	892100	46	89
5200	16553304	46	90
5201	3015725	46	91
5202	2268904	46	92
5203	3138740	46	93
5204	722609	46	94
5205	15933262	46	95
5206	6369375	46	96
5207	7044266	46	98
5208	2782260	46	100
5209	995927	46	101
5210	2787402	46	103
5211	1693912	46	104
5212	29033676	46	105
5213	63034686	46	106
5214	6114822	46	107
5215	153931420	46	111
5216	450462	46	112
5217	13446888	46	113
5218	3500000	46	114
5219	32416160	46	115
5220	566370	46	116
5221	2213467	46	117
5222	3992040	46	118
5223	880260	46	120
5224	3549907	46	122
5225	1525140	46	123
5226	2061468	46	124
5227	8630636	46	125
5228	1257005	46	126
5229	807575	46	127
5230	37932379	46	128
5231	809244	46	129
5232	4262333	46	130
5233	30318774	46	132
5234	2494524	46	133
5235	11928000	46	134
5236	36919962	46	138
5237	9908990	46	139
5238	5137280	46	141
5239	95531813	46	142
5240	2358512	46	143
5241	11009280	46	144
5242	15447165	46	145
5243	8749300	46	146
5244	2716105	46	147
5245	9560276	46	148
5246	3533981	46	150
5247	15561707	47	1
5248	741190	47	2
5249	1683136	47	6
5250	36404610	47	7
5251	1381233	47	8
5252	897615	47	9
5253	5855256	47	11
5254	3493389	47	13
5255	4082546	47	14
5256	7244800	47	15
5257	3190652	47	16
5258	2403264	47	17
5259	2219658	47	18
5260	4927995	47	19
5261	3826080	47	21
5262	454810648	47	22
5263	365556	47	23
5264	6848927	47	24
5265	1598700	47	26
5266	2925945	47	28
5267	34566860	47	29
5268	1431360	47	30
5269	8598290	47	33
5270	1127760	47	35
5271	1352817	47	36
5272	2383420	47	37
5273	2500756	47	38
5274	13683374	47	39
5275	863985	47	40
5276	3066806	47	42
5277	2204051	47	43
5278	4321194	47	44
5279	18198789	47	45
5280	237196908	47	48
5281	1194084	47	49
5282	1659792	47	50
5283	1059990	47	51
5284	5608799	47	52
5285	1899012	47	54
5286	1591317	47	55
5287	2009972	47	56
5288	1783200	47	58
5289	3383858	47	59
5290	19954675	47	61
5291	2422536	47	62
5292	893718	47	64
5293	335923	47	65
5294	25252846	47	66
5295	353808	47	67
5296	3673518	47	68
5297	1554984	47	70
5298	2078517	47	71
5299	6508405	47	72
5300	723724	47	74
5301	477966	47	75
5302	3158681	47	77
5303	1405497	47	81
5304	40038050	47	84
5305	1164613	47	85
5306	2842678	47	86
5307	1636453	47	87
5308	7246764	47	88
5309	397390	47	89
5310	8702520	47	90
5311	3075190	47	91
5312	1091189	47	92
5313	2133564	47	93
5314	296555	47	94
5315	3296768	47	98
5316	1998750	47	100
5317	820176	47	101
5318	735486	47	102
5319	2000690	47	103
5320	1253791	47	104
5321	23506623	47	105
5322	50692229	47	106
5323	4684988	47	107
5324	2662042	47	108
5325	18305645	47	109
5326	86012313	47	111
5327	305712	47	112
5328	1956250	47	114
5329	15112160	47	115
5330	431955	47	116
5331	1419858	47	117
5332	10173889	47	119
5333	481553	47	120
5334	3319826	47	121
5335	1299353	47	122
5336	921124	47	123
5337	1449780	47	124
5338	4785785	47	125
5339	1234032	47	126
5340	605176	47	127
5341	15953510	47	128
5342	443916	47	129
5343	2853370	47	130
5344	1064575	47	131
5345	17829739	47	132
5346	1437598	47	133
5347	8111040	47	134
5348	6503707	47	135
5349	405141	47	136
5350	1536786	47	137
5351	26588450	47	138
5352	7164961	47	139
5353	1125663	47	140
5354	3596096	47	141
5355	79134561	47	142
5356	1285999	47	143
5357	10197119	47	144
5358	13712004	47	145
5359	1843891	47	147
5360	5639147	47	148
5361	713416	47	149
5362	13773005	48	1
5363	11851532	48	3
5364	49038318	48	4
5365	1267200	48	5
5366	1528436	48	6
5367	60901170	48	7
5368	1365757	48	8
5369	644516	48	9
5370	5603894	48	11
5371	1703920	48	12
5372	2888235	48	13
5373	2613311	48	14
5374	6592768	48	15
5375	2847353	48	16
5376	2953507	48	17
5377	1918032	48	18
5378	8581923	48	19
5379	320941	48	23
5380	6425970	48	25
5381	906660	48	26
5382	2493314	48	28
5383	32448246	48	29
5384	1422414	48	30
5385	3954850	48	31
5386	8697404	48	32
5387	12148043	48	33
5388	951047	48	34
5389	1790319	48	35
5390	1086600	48	36
5391	2189265	48	37
5392	2802052	48	38
5393	11828001	48	39
5394	1402619	48	40
5395	1918552	48	41
5396	1652622	48	42
5397	3954637	48	43
5398	4249572	48	44
5399	16374349	48	45
5400	2870641	48	46
5401	24508424	48	47
5402	203746062	48	48
5403	1179522	48	49
5404	1478423	48	50
5405	574050	48	51
5406	5648160	48	52
5407	1957315	48	54
5408	2255890	48	55
5409	3688109	48	56
5410	9598655	48	57
5411	2407320	48	58
5412	1955543	48	59
5413	3640728	48	60
5414	18296902	48	61
5415	1386996	48	62
5416	58681125	48	63
5417	829143	48	64
5418	316308	48	65
5419	14623632	48	66
5420	266112	48	67
5421	13172180	48	69
5422	1554984	48	70
5423	2682618	48	71
5424	9464604	48	72
5425	983754	48	73
5426	640900	48	74
5427	12022817	48	76
5428	4648152	48	78
5429	15424014	48	79
5430	1027638	48	80
5431	1314166	48	81
5432	7288398	48	82
5433	29367657	48	83
5434	38229880	48	84
5435	1181298	48	85
5436	2019232	48	86
5437	1074619	48	87
5438	6906311	48	88
5439	8369232	48	90
5440	2023320	48	93
5441	306915	48	94
5442	3225000	48	96
5443	940589	48	97
5444	3142232	48	98
5445	16953216	48	99
5446	1423110	48	100
5447	720095	48	101
5448	783193	48	102
5449	1525950	48	103
5450	23639805	48	105
5451	47459681	48	106
5452	4395979	48	107
5453	1736470	48	108
5454	29697569	48	109
5455	2159481	48	110
5456	98816735	48	111
5457	253601	48	112
5458	1925000	48	114
5459	20418720	48	115
5460	422820	48	116
5461	1079740	48	117
5462	2773956	48	118
5463	3772062	48	121
5464	1840232	48	122
5465	1192931	48	123
5466	1350480	48	124
5467	3844851	48	125
5468	1171674	48	126
5469	649704	48	127
5470	24375320	48	128
5471	677556	48	129
5472	1244839	48	131
5473	25471057	48	132
5474	7770240	48	134
5475	4321400	48	135
5476	246239	48	136
5477	694623	48	140
5478	3205215	48	141
5479	95056530	48	142
5480	1748551	48	143
5481	12001919	48	144
5482	11003460	48	145
5483	4525500	48	146
5484	2723756	48	147
5485	5538087	48	148
5486	857164	48	149
5487	2165240	48	150
5488	1073667	48	151
5489	34873575	49	7
5490	936298	49	8
5491	1174257	49	9
5492	11560080	49	10
5493	5810897	49	11
5494	1289150	49	12
5495	4600391	49	14
5496	4020864	49	15
5497	2705996	49	16
5498	2678385	49	17
5499	6610725	49	19
5500	1251288	49	20
5501	5739120	49	21
5502	268287180	49	22
5503	5894325	49	25
5504	5414079	49	27
5505	40699690	49	29
5506	3124550	49	31
5507	5583244	49	32
5508	1607058	49	35
5509	1624467	49	36
5510	2637829	49	37
5511	2540929	49	38
5512	1294170	49	40
5513	1297996	49	41
5514	1817062	49	42
5515	3300804	49	43
5516	2960376	49	44
5517	2668306	49	46
5518	16365559	49	47
5519	1320288	49	49
5520	1813680	49	50
5521	4088130	49	53
5522	2881834	49	54
5523	2958072	49	56
5524	8748938	49	57
5525	3230482	49	59
5526	2613855	49	60
5527	12893790	49	61
5528	2039700	49	62
5529	40685580	49	63
5530	542430	49	64
5531	449942	49	65
5532	2280502	49	68
5533	11898535	49	69
5534	3348153	49	71
5535	815982	49	73
5536	698088	49	74
5537	527485	49	75
5538	14865650	49	76
5539	4616424	49	78
5540	11507444	49	79
5541	1615521	49	80
5542	1116280	49	81
5543	37067485	49	84
5544	1743469	49	87
5545	9386748	49	88
5546	9035808	49	90
5547	1278662	49	92
5548	2217870	49	93
5549	340585	49	94
5550	9355830	49	95
5551	964831	49	97
5552	14934976	49	99
5553	1145950	49	100
5554	546784	49	101
5555	405511	49	102
5556	1926087	49	103
5557	1024484	49	104
5558	25903899	49	105
5559	40406850	49	106
5560	2465460	49	108
5561	21526809	49	109
5562	2059505	49	110
5563	2112500	49	114
5564	14304640	49	115
5565	336690	49	116
5566	1608812	49	117
5567	7365472	49	119
5568	2169733	49	122
5569	615296	49	127
5570	24717670	49	128
5571	637200	49	129
5572	2100151	49	130
5573	1040767	49	131
5574	27114351	49	132
5575	949442	49	133
5576	8253874	49	135
5577	1424142	49	137
5578	29095360	49	138
5579	5509834	49	139
5580	648109	49	140
5581	2870176	49	141
5582	53706939	49	142
5583	1865461	49	143
5584	11099520	49	144
5585	15701091	49	145
5586	4691435	49	146
5587	2195837	49	147
5588	769318	49	149
5589	2722016	49	150
5590	1864014	50	2
5591	2020479	50	5
5592	2821728	50	6
5593	93052905	50	7
5594	1601766	50	8
5595	1330236	50	9
5596	13211519	50	10
5597	2869760	50	12
5598	6695857	50	14
5599	3495657	50	17
5600	12115656	50	19
5601	6552162	50	21
5602	846249	50	23
5603	9992697	50	24
5604	10216830	50	25
5605	2601720	50	26
5606	11722450	50	27
5607	56756554	50	29
5608	2254392	50	30
5609	6358350	50	31
5610	11233220	50	32
5611	20943542	50	33
5612	1710744	50	34
5613	1950085	50	35
5614	3026140	50	37
5615	4569656	50	38
5616	16389126	50	39
5617	4694762	50	42
5618	4323737	50	43
5619	5132910	50	44
5620	22668667	50	45
5621	46621888	50	47
5622	506831000	50	48
5623	2874408	50	50
5624	1449809	50	51
5625	9505440	50	52
5626	5214780	50	53
5627	3831340	50	54
5628	3652103	50	55
5629	16585217	50	57
5630	6768019	50	60
5631	1084860	50	64
5632	627712	50	65
5633	33580192	50	66
5634	433440	50	67
5635	5100236	50	68
5636	17864560	50	69
5637	2111400	50	70
5638	11371829	50	72
5639	1056992	50	74
5640	5051651	50	77
5641	7313304	50	78
5642	19461714	50	79
5643	2208033	50	80
5644	16850527	50	82
5645	1334800	50	85
5646	3336746	50	86
5647	2639728	50	87
5648	21885912	50	90
5649	3735360	50	93
5650	600880	50	94
5651	15819857	50	95
5652	6788625	50	96
5653	1272705	50	97
5654	5589052	50	98
5655	2792920	50	100
5656	1023717	50	102
5657	2841658	50	103
5658	27968220	50	105
5659	83164644	50	106
5660	39439630	50	109
5661	5638646	50	110
5662	128600934	50	111
5663	11085984	50	113
5664	3281250	50	114
5665	23418080	50	115
5666	578114	50	116
5667	992449	50	120
5668	5930463	50	121
5669	2816300	50	122
5670	2223533	50	123
5671	872344	50	127
5672	32386310	50	128
5673	1011024	50	129
5674	3730649	50	130
5675	1605366	50	131
5676	43793785	50	132
5677	9860480	50	134
5678	12812951	50	135
5679	634399	50	136
5680	42845387	50	138
5681	10692998	50	139
5682	1482278	50	140
5683	103849259	50	142
5684	14107520	50	144
5685	24292253	50	145
5686	8900150	50	146
5687	3381742	50	147
5688	8529464	50	148
5689	1506692	50	149
5690	1491006	50	151
5691	15144343	51	1
5692	851580	51	2
5693	13303695	51	3
5694	42069048	51	4
5695	2357628	51	6
5696	63452895	51	7
5697	1174257	51	9
5698	10527930	51	10
5699	3711286	51	11
5700	2129900	51	12
5701	3438375	51	13
5702	3069488	51	16
5703	6682842	51	19
5704	1343976	51	20
5705	3937674	51	21
5706	450977974	51	22
5707	8182710	51	25
5708	897900	51	26
5709	8000270	51	27
5710	4360454	51	28
5711	42483786	51	29
5712	1212183	51	30
5713	3998550	51	31
5714	5338560	51	32
5715	9150474	51	33
5716	722568	51	34
5717	1014984	51	35
5718	1834429	51	37
5719	3183694	51	38
5720	8001295	51	39
5721	726615	51	40
5722	1556561	51	41
5723	1973280	51	42
5724	10764196	51	45
5725	3300606	51	46
5726	29697504	51	47
5727	372013954	51	48
5728	1703760	51	50
5729	648810	51	51
5730	5077440	51	52
5731	4238350	51	53
5732	2482042	51	54
5733	3261463	51	56
5734	2266150	51	58
5735	2214366	51	59
5736	16639129	51	61
5737	1336788	51	62
5738	395997	51	65
5739	23357190	51	66
5740	381023	51	67
5741	3358966	51	68
5742	11228195	51	69
5743	1669248	51	70
5744	2610945	51	71
5745	7199774	51	72
5746	700060	51	74
5747	861200	51	75
5748	13325782	51	76
5749	4289982	51	77
5750	4949568	51	78
5751	1476651	51	80
5752	1359832	51	81
5753	27587798	51	83
5754	36034244	51	84
5755	907664	51	85
5756	1582448	51	86
5757	1297569	51	87
5758	8414028	51	88
5759	538504	51	89
5760	12183527	51	90
5761	1928364	51	91
5762	1283469	51	92
5763	1322940	51	93
5764	3886125	51	96
5765	736956	51	97
5766	5125444	51	98
5767	15288168	51	99
5768	1071330	51	100
5769	481047	51	102
5770	1959997	51	103
5771	1216806	51	104
5772	18978435	51	105
5773	55247184	51	106
5774	4700199	51	107
5775	28911920	51	109
5776	3829080	51	110
5777	63187038	51	111
5778	309186	51	112
5779	7031387	51	113
5780	22379839	51	115
5781	497205	51	116
5782	1641204	51	117
5783	6650120	51	119
5784	573032	51	120
5785	1759411	51	122
5786	1272208	51	123
5787	1461696	51	124
5788	5158914	51	125
5789	528264	51	127
5790	19171600	51	128
5791	575604	51	129
5792	2100151	51	130
5793	765270	51	131
5794	19883857	51	132
5795	1558518	51	133
5796	5566400	51	134
5797	6590135	51	135
5798	29703097	51	138
5799	6816514	51	139
5800	1218692	51	140
5801	1895959	51	143
5802	10622571	51	145
5803	4404820	51	146
5804	2930332	51	147
5805	846516	51	149
5806	1369728	51	151
5807	17111915	52	1
5808	908352	52	2
5809	12741568	52	3
5810	1664571	52	6
5811	43209210	52	7
5812	1102665	52	8
5813	747522	52	9
5814	8463630	52	10
5815	1670290	52	12
5816	2723193	52	13
5817	3456315	52	14
5818	5306816	52	15
5819	2645414	52	16
5820	2346622	52	17
5821	2095914	52	18
5822	6995349	52	19
5823	965500	52	20
5824	4272456	52	21
5825	356438681	52	22
5826	384266	52	23
5827	5778750	52	25
5828	32559751	52	29
5829	1176399	52	30
5830	3069925	52	31
5831	5561000	52	32
5832	11556418	52	33
5833	1861210	52	37
5834	2561016	52	38
5835	10823008	52	39
5836	914595	52	40
5837	1344538	52	41
5838	2450156	52	42
5839	3175242	52	44
5840	13044746	52	45
5841	792990	52	51
5842	2972209	52	53
5843	2315462	52	54
5844	1554735	52	55
5845	8780408	52	57
5846	2184420	52	58
5847	2559462	52	59
5848	3267320	52	60
5849	1638036	52	62
5850	650916	52	64
5851	361670	52	65
5852	18482646	52	66
5853	3156754	52	68
5854	9753447	52	69
5855	2907875	52	71
5856	6675287	52	72
5857	671088	52	73
5858	526524	52	74
5859	549015	52	75
5860	17649258	52	76
5861	3046672	52	77
5862	4029456	52	78
5863	12032346	52	79
5864	1360926	52	80
5865	1456238	52	81
5866	26401227	52	83
5867	37584105	52	84
5868	1221765	52	87
5869	6857675	52	88
5870	480112	52	89
5871	9813480	52	90
5872	2208700	52	91
5873	1336346	52	92
5874	1900105	52	93
5875	7938280	52	95
5876	4305375	52	96
5877	703018	52	97
5878	3425548	52	98
5879	15035888	52	99
5880	720095	52	101
5881	502913	52	102
5882	1715846	52	103
5883	976404	52	104
5884	43345530	52	106
5885	2268879	52	108
5886	23412370	52	109
5887	2699352	52	110
5888	75156390	52	111
5889	316134	52	112
5890	7493303	52	113
5891	1756250	52	114
5892	14535360	52	115
5893	368009	52	116
5894	1619610	52	117
5895	6782593	52	119
5896	440130	52	120
5897	2847033	52	121
5898	1740760	52	122
5899	1106104	52	123
5900	4769562	52	125
5901	544455	52	127
5902	19240070	52	128
5903	2419162	52	130
5904	921725	52	131
5905	23088280	52	132
5906	1200238	52	133
5907	6134400	52	134
5908	5704248	52	135
5909	339640	52	136
5910	1110348	52	137
5911	21878496	52	138
5912	6054284	52	139
5913	893088	52	140
5914	3216384	52	141
5915	66064288	52	142
5916	1407990	52	143
5917	4284140	52	146
5918	1912750	52	147
5919	5497664	52	148
5920	2242570	52	150
5921	1041563	52	151
5922	22179904	53	1
5923	1154364	53	2
5924	27370224	53	4
5925	1949220	53	6
5926	35043690	53	7
5927	1512779	53	8
5928	897615	53	9
5929	10527930	53	10
5930	4864593	53	11
5931	2029010	53	12
5932	2659010	53	13
5933	3179328	53	14
5934	4672896	53	15
5935	2170855	53	16
5936	1634543	53	17
5937	2977590	53	18
5938	8101143	53	19
5939	946190	53	20
5940	5898540	53	21
5941	466308670	53	22
5942	364117	53	23
5943	8552550	53	25
5944	880380	53	26
5945	7444360	53	27
5946	34455354	53	29
5947	2523675	53	31
5948	8830868	53	32
5949	788256	53	34
5950	1085469	53	35
5951	2162484	53	37
5952	8735713	53	39
5953	1167644	53	40
5954	2235688	53	43
5955	13318412	53	45
5956	31613472	53	47
5957	308153248	53	48
5958	1810542	53	49
5959	563370	53	51
5960	3289955	53	54
5961	2770354	53	59
5962	3103954	53	60
5963	2504124	53	62
5964	52108838	53	63
5965	981540	53	64
5966	261138	53	65
5967	25997568	53	66
5968	348768	53	67
5969	3044414	53	68
5970	10591372	53	69
5971	1977263	53	70
5972	3686040	53	71
5973	7295136	53	72
5974	1009174	53	73
5975	585684	53	74
5976	706183	53	75
5977	4233977	53	77
5978	4521240	53	78
5979	1060041	53	80
5980	1491756	53	81
5981	8596572	53	82
5982	958685	53	87
5983	8702520	53	90
5984	2132245	53	91
5985	2509695	53	93
5986	7427962	53	95
5987	3547500	53	96
5988	3399792	53	98
5989	11806704	53	99
5990	655974	53	102
5991	1783666	53	103
5992	906132	53	104
5993	13784337	53	105
5994	5141317	53	107
5995	19562685	53	109
5996	2789330	53	110
5997	88795883	53	111
5998	319608	53	112
5999	8134854	53	113
6000	1656250	53	114
6001	14939120	53	115
6002	2013715	53	117
6003	9882449	53	119
6004	434952	53	120
6005	2178957	53	121
6006	1734542	53	122
6007	1253333	53	123
6008	1445808	53	124
6009	899267	53	126
6010	487784	53	127
6011	19582420	53	128
6012	584100	53	129
6013	697246	53	131
6014	19883857	53	132
6015	6997760	53	134
6016	479135	53	136
6017	27272153	53	138
6018	6925404	53	139
6019	787654	53	140
6020	2970688	53	141
6021	49191754	53	142
6022	1951872	53	143
6023	7038720	53	144
6024	11638275	53	145
6025	4797030	53	146
6026	2899729	53	147
6027	535062	53	149
6028	1647129	53	150
6029	1202079	53	151
6030	769576	54	2
6031	10539900	54	3
6032	48024606	54	4
6033	1316480	54	5
6034	1936844	54	6
6035	57328755	54	7
6036	1408316	54	8
6037	982961	54	9
6038	8905980	54	10
6039	3859146	54	11
6040	2000985	54	12
6041	2383940	54	13
6042	2403086	54	16
6043	1979904	54	18
6044	6634764	54	19
6045	1324666	54	20
6046	4065210	54	21
6047	320667058	54	22
6048	456226	54	23
6049	5848095	54	25
6050	1646880	54	26
6051	9450470	54	27
6052	4303529	54	28
6053	43375834	54	29
6054	3725425	54	31
6055	8741892	54	32
6056	15342821	54	33
6057	1057275	54	35
6058	1868951	54	36
6059	1399255	54	37
6060	2852268	54	38
6061	15229518	54	39
6062	3033918	54	42
6063	2435148	54	44
6064	9167811	54	45
6065	4868710	54	46
6066	17084048	54	47
6067	378095926	54	48
6068	1148664	54	50
6069	2748570	54	54
6070	1713257	54	55
6071	3176135	54	56
6072	2734240	54	58
6073	3613922	54	59
6074	2905581	54	60
6075	20875660	54	61
6076	1261476	54	62
6077	34739226	54	63
6078	743904	54	64
6079	434004	54	65
6080	385056	54	67
6081	3999304	54	68
6082	7474291	54	69
6083	1152576	54	70
6084	4064883	54	71
6085	714302	54	73
6086	753304	54	74
6087	23038797	54	76
6088	4256380	54	77
6089	3379032	54	78
6090	11588199	54	79
6091	1286862	54	80
6092	9281806	54	82
6093	35300517	54	83
6094	48303970	54	84
6095	1298093	54	85
6096	2362932	54	86
6097	6079500	54	88
6098	484978	54	89
6099	8924712	54	90
6100	1783950	54	91
6101	1148873	54	92
6102	2191930	54	93
6103	321160	54	94
6104	8845512	54	95
6105	3370125	54	96
6106	523627	54	97
6107	3489938	54	98
6108	19173280	54	99
6109	1726920	54	100
6110	781120	54	101
6111	1498822	54	103
6112	22374576	54	105
6113	41288454	54	106
6114	2907769	54	108
6115	19562685	54	109
6116	2339438	54	110
6117	110507729	54	111
6118	1950000	54	114
6119	20476400	54	115
6120	386280	54	116
6121	2333808	54	118
6122	9802966	54	119
6123	376268	54	120
6124	1454778	54	122
6125	1207488	54	124
6126	3569060	54	125
6127	635536	54	127
6128	21088760	54	128
6129	747648	54	129
6130	2419162	54	130
6131	931928	54	131
6132	19555198	54	132
6133	1222630	54	133
6134	6293439	54	134
6135	5466571	54	135
6136	30234865	54	138
6137	1076047	54	140
6138	57984483	54	142
6139	1204671	54	143
6140	14685387	54	145
6141	4781945	54	146
6142	990264	54	149
6143	1095069	54	151
6144	15800201	55	1
6145	974586	55	2
6146	35860062	55	4
6147	1091200	55	5
6148	1447992	55	6
6149	1427661	55	8
6150	8198220	55	10
6151	2957200	55	11
6152	1586215	55	12
6153	3612585	55	13
6154	4311361	55	14
6155	3039197	55	16
6156	1853022	55	17
6157	1554534	55	18
6158	1239702	55	20
6159	327054848	55	22
6160	503719	55	23
6161	7026960	55	25
6162	1327140	55	26
6163	5389910	55	27
6164	2425005	55	28
6165	29772102	55	29
6166	2556450	55	31
6167	6584224	55	32
6168	1814621	55	36
6169	1492985	55	37
6170	12214537	55	39
6171	1004970	55	40
6172	1892695	55	41
6173	2071944	55	42
6174	3079344	55	43
6175	2470959	55	44
6176	17286569	55	45
6177	26424392	55	47
6178	244292542	55	48
6179	1344557	55	49
6180	1280568	55	50
6181	582060	55	51
6182	4098860	55	53
6183	1243788	55	55
6184	3071844	55	56
6185	9913365	55	57
6186	2845689	55	58
6187	3393444	55	59
6188	3512369	55	60
6189	23086024	55	61
6190	2278188	55	62
6191	31453083	55	63
6192	963459	55	64
6193	25929865	55	66
6194	2471480	55	68
6195	12334256	55	69
6196	1450656	55	70
6197	2897637	55	71
6198	7199774	55	72
6199	564324	55	73
6200	668507	55	74
6201	859046	55	75
6202	19781383	55	76
6203	10296135	55	79
6204	1041525	55	80
6205	1709938	55	81
6206	27390036	55	83
6207	1071177	55	85
6208	2055034	55	86
6209	1542814	55	87
6210	8851752	55	88
6211	514174	55	89
6212	14109192	55	90
6213	3338534	55	91
6214	2049260	55	93
6215	5418000	55	96
6216	552717	55	97
6217	17104584	55	99
6218	563871	55	101
6219	514840	55	102
6220	1227902	55	104
6221	22507757	55	105
6222	45255672	55	106
6223	4897942	55	107
6224	29540440	55	109
6225	2209469	55	110
6226	69032536	55	111
6227	289500	55	112
6228	10162152	55	113
6229	2106250	55	114
6230	13035680	55	115
6231	1317282	55	117
6232	604100	55	120
6233	2020525	55	122
6234	1351485	55	123
6235	933420	55	124
6236	6148517	55	125
6237	720544	55	127
6238	21910400	55	128
6239	666936	55	129
6240	3402777	55	130
6241	710850	55	131
6242	20951998	55	132
6243	1639131	55	133
6244	6202560	55	134
6245	1082186	55	137
6246	6664068	55	139
6247	1237299	55	140
6248	3640768	55	141
6249	94581247	55	142
6250	1621477	55	143
6251	8464200	55	145
6252	3484635	55	146
6253	2884427	55	147
6254	942348	55	149
6255	2528691	55	150
6256	938121	55	151
6257	784960	56	5
6258	1627444	56	6
6259	777669	56	8
6260	9997109	56	10
6261	5352532	56	11
6262	2169135	56	12
6263	3511726	56	13
6264	5035136	56	15
6265	3513755	56	16
6266	3066792	56	17
6267	6730920	56	19
6268	1231978	56	20
6269	5531874	56	21
6270	443312626	56	22
6271	338212	56	23
6272	4648288	56	24
6273	7651065	56	25
6274	7468530	56	27
6275	40811196	56	29
6276	1046681	56	30
6277	3627100	56	31
6278	5516512	56	32
6279	8479965	56	33
6280	1245235	56	35
6281	1303920	56	36
6282	2048670	56	37
6283	2992873	56	38
6284	1102575	56	40
6285	2330599	56	43
6286	2960376	56	44
6287	18061956	56	45
6288	3085624	56	46
6289	20995816	56	47
6290	368972968	56	48
6291	1082442	56	49
6292	1148664	56	50
6293	563370	56	51
6294	7734239	56	52
6295	3819880	56	53
6296	2423739	56	54
6297	1292564	56	55
6298	2664161	56	56
6299	7647453	56	57
6300	2258720	56	58
6301	2998933	56	60
6302	14121770	56	61
6303	48822696	56	63
6304	792981	56	64
6305	463427	56	65
6306	14014314	56	66
6307	4122878	56	68
6308	10021583	56	69
6309	1763640	56	70
6310	3235524	56	71
6311	7819622	56	72
6312	605404	56	74
6313	20610543	56	76
6314	5980728	56	78
6315	9811611	56	79
6316	1555344	56	80
6317	1486682	56	81
6318	9593276	56	82
6319	38860232	56	83
6320	36680020	56	84
6321	1589608	56	86
6322	1774681	56	87
6323	611494	56	89
6324	2055790	56	91
6325	1802625	56	92
6326	1549915	56	93
6327	476560	56	94
6328	9696042	56	95
6329	533324	56	97
6330	4275496	56	98
6331	1161940	56	100
6332	693243	56	101
6333	707656	56	102
6334	1742974	56	103
6335	1460907	56	104
6336	15915249	56	105
6337	40553784	56	106
6338	2432697	56	108
6339	89630954	56	111
6340	2125000	56	114
6341	17130960	56	115
6342	395415	56	116
6343	1333478	56	117
6344	5643329	56	119
6345	2384519	56	121
6346	898473	56	123
6347	4623555	56	125
6348	1234032	56	126
6349	439668	56	129
6350	2259657	56	130
6351	1003354	56	131
6352	24320751	56	132
6353	1692872	56	133
6354	8588159	56	134
6355	4451042	56	135
6356	5901838	56	139
6357	905492	56	140
6358	3517920	56	141
6359	57033918	56	142
6360	1169090	56	143
6361	6647680	56	144
6362	12865584	56	145
6363	5717215	56	146
6364	2570736	56	147
6365	6548688	56	148
6366	865150	56	149
6367	2768414	56	150
6368	799007	56	151
6369	14905850	57	1
6370	820040	57	2
6371	1182720	57	5
6372	46271280	57	7
6373	956475	57	9
6374	8758530	57	10
6375	1631055	57	12
6376	3493389	57	13
6377	4492005	57	14
6378	5922624	57	15
6379	3725793	57	16
6380	2289979	57	17
6381	2142317	57	18
6382	8389611	57	19
6383	1027292	57	20
6384	3985500	57	21
6385	316624	57	23
6386	8757645	57	24
6387	1121280	57	26
6388	5510760	57	27
6389	3779820	57	28
6390	38469570	57	29
6391	1118250	57	30
6392	3627100	57	31
6393	5494268	57	32
6394	993887	57	34
6395	1447292	57	35
6396	1803756	57	36
6397	10977622	57	39
6398	957975	57	40
6399	3116138	57	42
6400	3986274	57	43
6401	4607682	57	44
6402	3136208	57	46
6403	334508460	57	48
6404	1844520	57	49
6405	7340640	57	52
6406	3594550	57	53
6407	2265488	57	54
6408	2176629	57	55
6409	3327831	57	56
6410	9063648	57	57
6411	1708900	57	58
6412	3302327	57	60
6413	2303292	57	62
6414	55238499	57	63
6415	1025451	57	64
6416	259912	57	65
6417	21596938	57	66
6418	364896	57	67
6419	3167987	57	68
6420	12233705	57	69
6421	1465560	57	70
6422	3675801	57	71
6423	691424	57	73
6424	696116	57	74
6425	706183	57	75
6426	3763536	57	77
6427	5060616	57	78
6428	15868160	57	79
6429	1106331	57	80
6430	10496539	57	82
6431	31048634	57	83
6432	43008614	57	84
6433	2226884	57	86
6434	1132586	57	87
6435	8341073	57	88
6436	12257592	57	90
6437	1758465	57	91
6438	350945	57	94
6439	894529	57	97
6440	3734619	57	98
6441	19526472	57	99
6442	903170	57	101
6443	22174802	57	105
6444	3939649	57	107
6445	27419185	57	109
6446	72094463	57	111
6447	357822	57	112
6448	20937840	57	115
6449	1959728	57	117
6450	3203868	57	118
6451	9538021	57	119
6452	415966	57	120
6453	1533192	57	124
6454	3844851	57	125
6455	840192	57	126
6456	26840240	57	128
6457	768888	57	129
6458	3048321	57	130
6459	32208562	57	132
6460	1142017	57	133
6461	5056038	57	135
6462	897129	57	137
6463	5945394	57	139
6464	648109	57	140
6465	88877855	57	142
6466	1031849	57	143
6467	6798080	57	144
6468	3182935	57	146
6469	6811444	57	148
6470	1046165	57	149
6471	1933250	57	150
6472	1330491	57	151
6473	23789736	58	1
6474	908352	58	2
6475	12179440	58	3
6476	29524362	58	4
6477	968000	58	5
6478	1460368	58	6
6479	42188520	58	7
6480	1408316	58	8
6481	1021221	58	9
6482	1799205	58	12
6483	2677348	58	13
6484	4335447	58	14
6485	2635317	58	16
6486	2621743	58	17
6487	5120307	58	19
6488	1506180	58	20
6489	4798542	58	21
6490	427442	58	23
6491	7612414	58	24
6492	8506320	58	25
6493	7420190	58	27
6494	33786318	58	29
6495	1189818	58	30
6496	3277500	58	31
6497	5894660	58	32
6498	10452050	58	33
6499	694008	58	34
6500	1841786	58	36
6501	1580020	58	37
6502	14456446	58	39
6503	874830	58	40
6504	1840982	58	41
6505	1677288	58	42
6506	2931704	58	43
6507	10308086	58	45
6508	3275314	58	46
6509	308153248	58	48
6510	1923599	58	50
6511	809010	58	51
6512	2357107	58	54
6513	2465060	58	56
6514	12493987	58	57
6515	1523150	58	58
6516	3240067	58	59
6517	3162299	58	60
6518	1976940	58	62
6519	45693036	58	63
6520	854973	58	64
6521	464654	58	65
6522	221760	58	67
6523	3224157	58	68
6524	8781454	58	69
6525	1396008	58	70
6526	4003449	58	71
6527	6556086	58	72
6528	579576	58	73
6529	483140	58	74
6530	4480400	58	77
6531	5393760	58	78
6532	10336512	58	79
6533	1407216	58	80
6534	1106132	58	81
6535	12427652	58	82
6536	34113945	58	83
6537	28801565	58	84
6538	1081188	58	85
6539	1754298	58	86
6540	1177176	58	87
6541	6176772	58	88
6542	616360	58	89
6543	14146224	58	90
6544	3058200	58	91
6545	975821	58	92
6546	1575855	58	93
6547	458430	58	94
6548	7031048	58	95
6549	4853625	58	96
6550	552717	58	97
6551	1654808	58	103
6552	1342555	58	104
6553	17313660	58	105
6554	39819114	58	106
6555	4198236	58	107
6556	1818379	58	108
6557	18148515	58	109
6558	420354	58	112
6559	9392292	58	113
6560	12516560	58	115
6561	353830	58	120
6562	1703457	58	122
6563	1189156	58	123
6564	1537164	58	124
6565	5369813	58	125
6566	968190	58	126
6567	406824	58	127
6568	24169910	58	128
6569	552240	58	129
6570	2436885	58	130
6571	4537470	58	135
6572	485200	58	136
6573	1102301	58	137
6574	1107057	58	140
6575	88640214	58	142
6576	1794299	58	143
6577	11851519	58	144
6578	14516102	58	145
6579	5822810	58	146
6580	2180535	58	147
6581	5598723	58	148
6582	1030194	58	149
6583	2606021	58	150
6584	731728	59	2
6585	774400	59	5
6586	2308124	59	6
6587	824097	59	8
6588	615087	59	9
6589	6664740	59	10
6590	5042026	59	11
6591	3328347	59	13
6592	3372014	59	14
6593	3694847	59	15
6594	2019400	59	16
6595	953914	59	20
6596	4750716	59	21
6597	300226130	59	22
6598	477814	59	23
6599	8506320	59	25
6600	1020540	59	26
6601	9571320	59	27
6602	36239450	59	29
6603	3790975	59	31
6604	11871951	59	33
6605	714000	59	34
6606	1522476	59	35
6607	2276300	59	37
6608	12678380	59	39
6609	874830	59	40
6610	16876070	59	45
6611	23789936	59	47
6612	309166910	59	48
6613	1791126	59	49
6614	1324536	59	50
6615	4565760	59	52
6616	2585930	59	53
6617	3098388	59	54
6618	9252474	59	57
6619	4445889	59	60
6620	19831876	59	61
6621	1707072	59	62
6622	45693036	59	63
6623	772317	59	64
6624	435230	59	65
6625	14894440	59	66
6626	3021945	59	68
6627	11831501	59	69
6628	1361231	59	70
6629	3522215	59	71
6630	5054146	59	72
6631	774995	59	74
6632	602840	59	75
6633	19662932	59	76
6634	3909148	59	77
6635	3981864	59	78
6636	1161879	59	80
6637	1491756	59	81
6638	6509723	59	82
6639	23138154	59	83
6640	29447340	59	84
6641	1254712	59	85
6642	2620706	59	86
6643	1310946	59	87
6644	9313793	59	88
6645	648800	59	89
6646	12479784	59	90
6647	1860404	59	91
6648	1288276	59	92
6649	1413730	59	93
6650	464905	59	94
6651	6492378	59	95
6652	5337375	59	96
6653	606050	59	97
6654	4133838	59	98
6655	1961440	59	100
6656	890965	59	101
6657	757351	59	102
6658	1614116	59	103
6659	1320364	59	104
6660	56863458	59	106
6661	5947501	59	107
6662	2555560	59	108
6663	22548155	59	109
6664	75156390	59	111
6665	339294	59	112
6666	8699418	59	113
6667	2006250	59	114
6668	14420000	59	115
6669	1171517	59	117
6670	2744252	59	121
6671	1324221	59	122
6672	1238232	59	123
6673	4623555	59	125
6674	945216	59	126
6675	19993240	59	128
6676	456660	59	129
6677	2773618	59	130
6678	1132599	59	131
6679	24402915	59	132
6680	1536125	59	133
6681	8491551	59	135
6682	458513	59	136
6683	1472418	59	137
6684	8536976	59	139
6685	899289	59	140
6686	4065152	59	141
6687	85313236	59	142
6688	8602880	59	144
6689	5611620	59	146
6690	7175260	59	148
6691	734802	59	151
6692	23312749	60	1
6693	1125978	60	2
6694	34973064	60	4
6695	1122880	60	5
6696	2128672	60	6
6697	47802315	60	7
6698	816359	60	8
6699	1038879	60	9
6700	11412630	60	10
6701	5633466	60	11
6702	2169135	60	12
6703	3374192	60	13
6704	2649440	60	14
6705	3503659	60	16
6706	2500366	60	17
6707	1948968	60	18
6708	7043427	60	19
6709	973224	60	20
6710	3826080	60	21
6711	346218218	60	22
6712	313745	60	23
6713	8780100	60	24
6714	5778750	60	25
6715	1576800	60	26
6716	6332540	60	27
6717	28211018	60	29
6718	1131669	60	30
6719	2927900	60	31
6720	5316316	60	32
6721	8164431	60	33
6722	1022448	60	34
6723	1881295	60	37
6724	2661448	60	38
6725	15268172	60	39
6726	1203794	60	40
6727	1928894	60	41
6728	1751286	60	42
6729	234155922	60	48
6730	1378535	60	49
6731	1500408	60	50
6732	1009259	60	51
6733	6455039	60	52
6734	4184700	60	53
6735	2273817	60	54
6736	1829100	60	55
6737	1905681	60	56
6738	10291017	60	57
6739	2905130	60	58
6740	3000418	60	59
6741	32548464	60	63
6742	656082	60	64
6743	476914	60	65
6744	337680	60	67
6745	2493948	60	68
6746	1410911	60	70
6747	3593889	60	71
6748	5530952	60	72
6749	732096	60	73
6750	735556	60	74
6751	15043327	60	76
6752	3606722	60	77
6753	4029456	60	78
6754	12113100	60	79
6755	939687	60	80
6756	1045244	60	81
6757	23138154	60	83
6758	1191309	60	85
6759	1804420	60	86
6760	985439	60	87
6761	6006546	60	88
6762	358462	60	89
6763	7924848	60	90
6764	3168635	60	91
6765	1706485	60	92
6766	1374820	60	93
6767	439004	60	94
6768	7513015	60	95
6769	5450249	60	96
6770	494536	60	97
6771	4919396	60	98
6772	13925856	60	99
6773	1988090	60	100
6774	849467	60	101
6775	560559	60	102
6776	1398032	60	104
6777	16115022	60	105
6778	52602372	60	106
6779	5658492	60	107
6780	2481842	60	108
6781	20348335	60	109
6782	3469167	60	110
6783	90744382	60	111
6784	418038	60	112
6785	7826910	60	113
6786	335385	60	116
6787	1414459	60	117
6788	3674724	60	118
6789	5325395	60	119
6790	464293	60	120
6791	2271460	60	121
6792	2107563	60	122
6793	1370361	60	123
6794	1227348	60	124
6795	5629381	60	125
6796	23211329	60	128
6797	722160	60	129
6798	2162181	60	130
6799	880910	60	131
6800	22513127	60	132
6801	435467	60	136
6802	1114370	60	137
6803	22486232	60	138
6804	4747604	60	139
6805	3685440	60	141
6806	7489920	60	144
6807	14981634	60	145
6808	5204325	60	146
6809	1690871	60	147
6810	1234182	60	151
6811	20212332	61	1
6812	665494	61	2
6813	12975787	61	3
6814	795520	61	5
6815	2431883	61	6
6816	62091975	61	7
6817	1106534	61	8
6818	1614240	61	12
6819	2484799	61	13
6820	4094589	61	14
6821	7009344	61	15
6822	2937323	61	17
6823	2064978	61	18
6824	7668441	61	19
6825	1185634	61	20
6826	4065210	61	21
6827	417368	61	23
6828	6197718	61	24
6829	6009900	61	25
6830	6864279	61	27
6831	2971485	61	28
6832	25534873	61	29
6833	1145088	61	30
6834	2829575	61	31
6835	4604508	61	32
6836	811103	61	34
6837	1298487	61	36
6838	2222740	61	37
6839	2259720	61	38
6840	8233216	61	39
6841	784455	61	40
6842	1706529	61	41
6843	3247690	61	42
6844	3353532	61	43
6845	17651457	61	45
6846	4097304	61	46
6847	29697504	61	47
6848	1004778	61	49
6849	1879632	61	50
6850	1038630	61	51
6851	3530169	61	53
6852	1849038	61	54
6853	2115659	61	55
6854	9000706	61	57
6855	3786470	61	59
6856	24314004	61	61
6857	52108838	61	63
6858	328568	61	65
6859	25252846	61	66
6860	358848	61	67
6861	8245182	61	69
6862	1430784	61	70
6863	2559750	61	71
6864	8439471	61	72
6865	859195	61	73
6866	629068	61	74
6867	678195	61	75
6868	19544481	61	76
6869	2923461	61	77
6870	4933704	61	78
6871	11184428	61	79
6872	1698843	61	80
6873	1801270	61	81
6874	9063777	61	82
6875	35498279	61	83
6876	43008614	61	84
6877	2047874	61	86
6878	1391208	61	87
6879	5301324	61	88
6880	345486	61	89
6881	9258000	61	90
6882	1028698	61	92
6883	2425390	61	93
6884	471380	61	94
6885	6038763	61	95
6886	4531125	61	96
6887	3799010	61	98
6888	17861424	61	99
6889	873878	61	101
6890	713620	61	102
6891	1301872	61	104
6892	13584564	61	105
6893	5962712	61	107
6894	2702997	61	108
6895	3679116	61	110
6896	95198094	61	111
6897	448146	61	112
6898	5722626	61	113
6899	445005	61	116
6900	1857152	61	117
6901	2313336	61	118
6902	7444955	61	119
6903	604100	61	120
6904	5029130	61	125
6905	1109316	61	126
6906	20677940	61	128
6907	2552083	61	130
6908	751665	61	131
6909	27443009	61	132
6910	1124103	61	133
6911	5634560	61	134
6912	4580684	61	135
6913	452449	61	136
6914	1444257	61	137
6915	22106397	61	138
6916	8253862	61	139
6917	952007	61	140
6918	77233430	61	142
6919	1153841	61	143
6920	6136320	61	144
6921	12611658	61	145
6922	4902625	61	146
6923	1660267	61	147
6924	7377380	61	148
6925	564344	61	149
6926	2683351	61	150
6927	1030862	61	151
6928	1043974	62	2
6929	17800720	62	3
6930	34212780	62	4
6931	1101760	62	5
6932	54436800	62	7
6933	1334805	62	8
6934	9289350	62	10
6935	1900094	62	12
6936	3016600	62	13
6937	4431790	62	14
6938	5415488	62	15
6939	3584435	62	16
6940	2144327	62	17
6941	2884782	62	18
6942	1096808	62	20
6943	445867742	62	22
6944	335333	62	23
6945	4784805	62	25
6946	1384080	62	26
6947	8749540	62	27
6948	26203910	62	29
6949	2217775	62	31
6950	5027144	62	32
6951	9978750	62	33
6952	819671	62	34
6953	1804416	62	35
6954	1722261	62	36
6955	2701620	62	38
6956	14881636	62	39
6957	1044734	62	40
6958	1204912	62	41
6959	4273446	62	44
6960	17833901	62	45
6961	3452358	62	46
6962	26903384	62	47
6963	1470762	62	49
6964	1956576	62	50
6965	2132224	62	54
6966	1249885	62	55
6967	2683123	62	56
6968	6703323	62	57
6969	1798060	62	58
6970	3862439	62	60
6971	20875660	62	61
6972	44754138	62	63
6973	950544	62	64
6974	409483	62	65
6975	382032	62	67
6976	2381608	62	68
6977	1545048	62	70
6978	2610945	62	71
6979	653294	62	73
6980	727668	62	74
6981	495190	62	75
6982	3458352	62	78
6983	11386313	62	79
6984	1527570	62	80
6985	1557718	62	81
6986	10185069	62	82
6987	33718421	62	83
6988	1244701	62	85
6989	1911826	62	86
6990	1440256	62	87
6991	6565860	62	88
6992	360084	62	89
6993	2879804	62	91
6994	1249820	62	92
6995	2217870	62	93
6996	423465	62	94
6997	7881578	62	95
6998	6046875	62	96
6999	877560	62	97
7000	3232378	62	98
7001	14733152	62	99
7002	1257880	62	100
7003	593163	62	101
7004	646035	62	102
7005	16048431	62	105
7006	4319924	62	107
7007	3079778	62	108
7008	3269215	62	110
7009	102157019	62	111
7010	2087499	62	114
7011	2073100	62	117
7012	3070800	62	118
7013	7895362	62	119
7014	453938	62	120
7015	2990927	62	121
7016	905832	62	126
7017	26703300	62	128
7018	632952	62	129
7019	2365993	62	130
7020	1105390	62	131
7021	5589120	62	134
7022	359048	62	136
7023	1050003	62	137
7024	21650595	62	138
7025	3584928	62	141
7026	73906452	62	142
7027	1067430	62	143
7028	9310620	62	145
7029	5581450	62	146
7030	2532481	62	147
7031	4911516	62	148
7032	2884409	62	150
7033	1227048	62	151
7034	681264	63	2
7035	11148872	63	3
7036	1066560	63	5
7037	2370003	63	6
7038	65324160	63	7
7039	955643	63	8
7040	629802	63	9
7041	6281370	63	10
7042	4480158	63	11
7043	2842390	63	13
7044	2010840	63	18
7045	5288580	63	19
7046	1259012	63	20
7047	311724152	63	22
7048	440395	63	23
7049	7747147	63	24
7050	8020905	63	25
7051	1077480	63	26
7052	7444360	63	27
7053	4007520	63	28
7054	43710352	63	29
7055	1713158	63	30
7056	648311	63	34
7057	1301622	63	35
7058	1255023	63	36
7059	1700530	63	37
7060	2942657	63	38
7061	13837988	63	39
7062	1395390	63	40
7063	2836590	63	42
7064	2952796	63	43
7065	4536060	63	44
7066	3869676	63	46
7067	27621872	63	47
7068	225032964	63	48
7069	1601820	63	49
7070	7419360	63	52
7071	2199650	63	53
7072	2565332	63	54
7073	2194920	63	55
7074	10385430	63	57
7075	1694040	63	58
7076	2262296	63	59
7077	2928919	63	60
7078	419292	63	65
7079	16316182	63	66
7080	201600	63	67
7081	2797266	63	68
7082	1564920	63	70
7083	780394	63	73
7084	575824	63	74
7085	544709	63	75
7086	13029654	63	76
7087	5013024	63	78
7088	1078557	63	80
7089	1380128	63	81
7090	9749011	63	82
7091	25831000	63	84
7092	1868864	63	86
7093	1533895	63	87
7094	5277006	63	88
7095	603384	63	89
7096	8591424	63	90
7097	2973250	63	91
7098	1668029	63	92
7099	2399450	63	93
7100	312095	63	94
7101	5192250	63	96
7102	3438426	63	98
7103	13925856	63	99
7104	1609660	63	100
7105	504901	63	102
7106	2014254	63	103
7107	1386937	63	104
7108	32913215	63	106
7109	2789330	63	110
7110	82672029	63	111
7111	330030	63	112
7112	5183724	63	113
7113	16265759	63	115
7114	264915	63	116
7115	1830159	63	117
7116	2978676	63	118
7117	9855955	63	119
7118	528156	63	120
7119	3987902	63	121
7120	1249617	63	122
7121	1568940	63	124
7122	1099470	63	126
7123	24032970	63	128
7124	732780	63	129
7125	1984953	63	130
7126	1500297	63	133
7127	8951680	63	134
7128	6503707	63	135
7129	369965	63	136
7130	5488056	63	139
7131	645008	63	140
7132	2713824	63	141
7133	57984483	63	142
7134	1499485	63	143
7135	13627362	63	145
7136	4887540	63	146
7137	2601340	63	147
7138	5659360	63	148
7139	1639396	63	150
7140	1084976	64	2
7141	28003794	64	4
7142	939840	64	5
7143	2351440	64	6
7144	959512	64	8
7145	794610	64	9
7146	10763850	64	10
7147	5574322	64	11
7148	2814883	64	13
7149	4564262	64	14
7150	7226687	64	15
7151	2029497	64	16
7152	2832130	64	17
7153	2977590	64	18
7154	7716519	64	19
7155	1251288	64	20
7156	6297090	64	21
7157	316624	64	23
7158	5658786	64	24
7159	8228940	64	25
7160	1248300	64	26
7161	27430476	64	29
7162	6650956	64	32
7163	913920	64	34
7164	1724533	64	35
7165	1130064	64	36
7166	1399255	64	37
7167	7846680	64	39
7168	947130	64	40
7169	2784064	64	43
7170	3819840	64	44
7171	10490530	64	45
7172	19878168	64	47
7173	259497472	64	48
7174	1218354	64	49
7175	1896119	64	50
7176	688860	64	51
7177	2446440	64	53
7178	2188823	64	55
7179	3792400	64	56
7180	10511313	64	57
7181	2919989	64	58
7182	3105864	64	59
7183	4130826	64	60
7184	20568665	64	61
7185	2127564	64	62
7186	59776506	64	63
7187	573426	64	64
7188	296692	64	65
7189	388080	64	67
7190	4370026	64	68
7191	1246968	64	70
7192	3471020	64	71
7193	6722968	64	72
7194	622217	64	75
7195	20551317	64	76
7196	3136280	64	77
7197	5362031	64	78
7198	13607049	64	79
7199	1351668	64	80
7200	1857084	64	81
7201	10496539	64	82
7202	2205403	64	86
7203	1016652	64	87
7204	5252688	64	88
7205	434696	64	89
7206	10480056	64	90
7207	1677643	64	92
7208	2412420	64	93
7209	436415	64	94
7210	4450500	64	96
7211	833924	64	97
7212	2743014	64	98
7213	12210352	64	99
7214	1364480	64	100
7215	705449	64	101
7216	407499	64	102
7217	1437784	64	103
7218	920926	64	104
7219	22374576	64	105
7220	50104494	64	106
7221	3169878	64	108
7222	2119491	64	110
7223	82115315	64	111
7224	413406	64	112
7225	8545445	64	113
7226	1531250	64	114
7227	14823760	64	115
7228	468495	64	116
7229	1376668	64	117
7230	2814900	64	118
7231	7471450	64	119
7232	379720	64	120
7233	2641471	64	121
7234	883373	64	123
7235	846036	64	124
7236	5515820	64	125
7237	406824	64	127
7238	19856300	64	128
7239	2463469	64	130
7240	863904	64	131
7241	28675480	64	132
7242	7724800	64	134
7243	327510	64	136
7244	949428	64	137
7245	29475195	64	138
7246	5727614	64	139
7247	1234198	64	140
7248	3975808	64	141
7249	90778986	64	142
7250	1174173	64	143
7251	14643066	64	145
7252	5581450	64	146
7253	3045097	64	147
7254	7195472	64	148
7255	705430	64	149
7256	777606	64	151
\.


--
-- Data for Name: countries; Type: TABLE DATA; Schema: public; Owner: -
--

COPY countries (id, name, population) FROM stdin;
1	United Kingdom	59623400
2	Liberia	3154000
3	South Korea	46844000
4	Japan	126714000
5	Armenia	3520000
6	Tajikistan	6188000
7	Brazil	170115000
8	Puerto Rico	3869000
9	Congo	2943000
10	Sudan	29490000
11	Ivory Coast	14786000
12	Libyan Arab Jamahiriya	5605000
13	Zambia	9169000
14	South Sudan	12042910
15	Yemen	18112000
16	Somalia	10097000
17	Austria	8091800
18	Azerbaijan	7734000
19	North Korea	24039000
20	New Zealand	3862000
21	Madagascar	15942000
22	China	1277558000
23	Estonia	1439200
24	Romania	22455500
25	Iraq	23115000
26	Moldova	4380000
27	Venezuela	24170000
28	Guatemala	11385000
29	Nigeria	111506000
30	Croatia	4473000
31	Malawi	10925000
32	Malaysia	22244000
33	Spain	39441700
34	Panama	2856000
35	Kyrgyzstan	4699000
36	Laos	5433000
37	Burundi	6695000
38	Hungary	10043200
39	Poland	38653600
40	Central African Republic	3615000
41	Finland	5171300
42	Haiti	8222000
43	Greece	10545700
44	Burkina Faso	11937000
45	Myanmar	45611000
46	Ecuador	12646000
47	Vietnam	79832000
48	India	1013662000
49	Sierra Leone	4854000
50	Paraguay	5496000
51	Mauritania	2670000
52	Mozambique	19680000
53	Niger	10730000
54	Bolivia	8329000
55	Benin	6097000
56	Senegal	9481000
57	Algeria	31471000
58	Guinea	7430000
59	Tunisia	9586000
60	Zimbabwe	11669000
61	Thailand	61399000
62	El Salvador	6276000
63	Pakistan	156483000
64	Jamaica	2583000
65	Gabon	1226000
66	Iran	67702000
67	Swaziland	1008000
68	Mali	11234000
69	Tanzania	33517000
70	Georgia	4968000
71	Belgium	10239000
72	Australia	23840314
73	Oman	2542000
74	Kuwait	1972000
75	Lesotho	2153000
76	France	59225700
77	Cuba	11201000
78	Netherlands	15864000
79	South Africa	40377000
80	Togo	4629000
81	Nicaragua	5074000
82	Canada	31147000
83	Mexico	98881000
84	Bangladesh	129155000
85	Uruguay	3337000
86	Switzerland	7160400
87	Turkmenistan	4459000
88	Uzbekistan	24318000
89	Botswana	1622000
90	Argentina	37032000
91	Dominican Republic	8495000
92	Papua New Guinea	4807000
93	Honduras	6485000
94	Trinidad and Tobago	1295000
95	Morocco	28351000
96	Syria	16125000
97	Latvia	2424200
98	Angola	12878000
99	Ukraine	50456000
100	Denmark	5330000
101	United Arab Emirates	2441000
102	Slovenia	1987800
103	Hong Kong	6782000
104	Lithuania	3698500
105	Turkey	66591000
106	Russian Federation	146934000
107	Chile	15211000
108	Bulgaria	8190900
109	Ethiopia	78565000
110	Portugal	9997600
111	United States	278357000
112	Mauritius	1158000
113	Peru	25662000
114	Eritrea	6250000
115	Italy	57680000
116	Gambia	1305000
117	Slovakia	5398700
118	Belarus	10236000
119	Nepal	26494504
120	Namibia	1726000
121	Czech Republic	10278100
122	Israel	6217000
123	Ireland	3775100
124	Bosnia and Herzegovina	3972000
125	Kazakstan	16223000
126	Lebanon	3282000
127	Macedonia	2024000
128	Egypt	68470000
129	Bhutan	2124000
130	Sweden	8861400
131	Albania	3401200
132	Germany	82164700
133	Norway	4478500
134	Afghanistan	22720000
135	Saudi Arabia	21607000
136	Guinea-Bissau	1213000
137	Costa Rica	4023000
138	Philippines	75967000
139	Uganda	21778000
140	Palestine	3101000
141	Cambodia	11168000
142	Indonesia	237641326
143	Jordan	5083000
144	Kenya	30080000
145	Colombia	42321000
146	Cameroon	15085000
147	Chad	7651000
148	Ghana	20212000
149	Mongolia	2662000
150	Rwanda	7733000
151	Singapore	3567000
\.


--
-- Data for Name: events; Type: TABLE DATA; Schema: public; Owner: -
--

COPY events (id, person_id, match_id, kind, "time") FROM stdin;
1	154	1	substitution-out	79
2	155	1	yellow-card	84
3	156	1	substitution-out	60
4	159	1	substitution-out	86
5	161	1	yellow-card	83
6	165	1	substitution-in	60
7	171	1	substitution-in	86
8	174	1	substitution-in	79
9	180	1	substitution-out	58
10	182	1	yellow-card	40
11	183	1	yellow-card	90
12	184	1	substitution-out	74
13	185	1	goal	35
14	185	1	substitution-out	66
15	188	1	substitution-in	74
16	192	1	substitution-in	66
17	198	1	substitution-in	58
18	202	2	yellow-card	59
19	203	2	yellow-card	43
20	205	2	goal	51
21	206	2	substitution-out	86
22	207	2	substitution-out	80
23	208	2	substitution-out	91
24	213	2	substitution-in	91
25	216	2	substitution-in	80
26	218	2	substitution-in	86
27	218	2	goal	88
28	178	2	yellow-card	77
29	188	2	substitution-out	46
30	181	2	substitution-out	60
31	183	2	yellow-card	55
32	184	2	yellow-card	92
33	198	2	yellow-card	38
34	198	2	substitution-out	55
35	190	2	substitution-in	55
36	179	2	substitution-in	46
37	192	2	substitution-in	60
38	225	3	goal-penalty	51
39	226	3	substitution-out	65
40	230	3	goal	95
41	231	3	substitution-out	79
42	235	3	substitution-in	79
43	240	3	substitution-in	65
44	246	3	yellow-card	50
45	248	3	yellow-card	86
46	250	3	substitution-out	64
47	251	3	goal	22
48	254	3	substitution-out	52
49	255	3	substitution-out	81
50	258	3	substitution-in	81
51	260	3	substitution-in	64
52	265	3	substitution-in	52
53	273	4	yellow-card	30
54	274	4	substitution-out	60
55	275	4	goal-penalty	71
56	276	4	substitution-out	86
57	277	4	substitution-out	78
58	281	4	substitution-in	78
59	282	4	substitution-in	60
60	282	4	yellow-card	89
61	289	4	substitution-in	86
62	294	4	yellow-card	70
63	296	4	goal-own	32
64	297	4	substitution-out	72
65	298	4	substitution-out	88
66	301	4	substitution-out	62
67	304	4	substitution-in	62
68	305	4	substitution-in	88
69	306	4	substitution-in	72
70	315	5	yellow-card	63
71	316	5	goal	93
72	317	5	substitution-out	64
73	319	5	substitution-out	84
74	322	5	substitution-out	77
75	323	5	yellow-card	58
76	330	5	substitution-in	64
77	330	5	yellow-card	72
78	332	5	substitution-in	84
79	333	5	substitution-in	77
80	333	5	yellow-card	80
81	180	5	goal-penalty	26
82	180	5	substitution-out	77
83	181	5	goal	66
84	184	5	substitution-out	68
85	185	5	substitution-out	71
86	188	5	substitution-in	68
87	193	5	substitution-in	77
88	195	5	substitution-in	71
89	338	6	substitution-out	69
90	341	6	yellow-card	92
91	342	6	substitution-out	74
92	343	6	yellow-card	79
93	343	6	substitution-out	86
94	349	6	substitution-in	69
95	353	6	substitution-in	86
96	356	6	substitution-in	74
97	364	6	substitution-out	71
98	365	6	substitution-out	79
99	368	6	goal	54
100	368	6	substitution-out	89
101	373	6	substitution-in	71
102	374	6	substitution-in	89
103	381	6	substitution-in	79
104	385	7	goal	8
105	385	7	goal	40
106	387	7	goal	36
107	387	7	substitution-out	63
108	389	7	goal-penalty	22
109	389	7	goal-penalty	46
110	389	7	goal	62
111	389	7	substitution-out	63
112	391	7	substitution-out	70
113	393	7	yellow-card	24
114	394	7	substitution-in	70
115	396	7	substitution-in	63
116	401	7	substitution-in	63
117	407	7	yellow-card	72
118	408	7	yellow-card	44
119	410	7	substitution-out	69
120	412	7	substitution-out	69
121	413	7	yellow-card	10
122	415	7	substitution-out	62
123	423	7	substitution-in	69
124	426	7	substitution-in	62
125	428	7	substitution-in	69
126	428	7	goal	78
127	430	8	yellow-card	88
128	432	8	substitution-out	53
129	433	8	substitution-out	58
130	435	8	yellow-card	10
131	439	8	yellow-card	66
132	439	8	substitution-out	72
133	442	8	substitution-in	53
134	448	8	substitution-in	58
135	448	8	yellow-card	60
136	451	8	substitution-in	72
137	456	8	goal	50
138	457	8	substitution-out	63
139	460	8	goal	18
140	460	8	substitution-out	79
141	461	8	yellow-card	45
142	461	8	substitution-out	46
143	466	8	substitution-in	63
144	466	8	yellow-card	79
145	470	8	substitution-in	79
146	473	8	substitution-in	46
147	476	9	yellow-card	52
148	476	9	substitution-out	116
149	477	9	yellow-card	41
150	478	9	yellow-card	54
151	478	9	substitution-out	79
152	479	9	yellow-card	63
153	480	9	yellow-card	118
154	481	9	goal	93
155	482	9	substitution-out	61
156	484	9	substitution-out	88
157	486	9	substitution-in	116
158	488	9	substitution-in	61
159	488	9	yellow-card	64
160	491	9	substitution-in	88
161	492	9	substitution-in	79
162	384	9	substitution-out	113
163	387	9	yellow-card	69
164	388	9	yellow-card	56
165	389	9	goal-penalty	57
166	390	9	substitution-out	88
167	392	9	substitution-out	102
168	403	9	substitution-out	81
169	394	9	substitution-in	102
170	395	9	substitution-in	81
171	396	9	substitution-in	88
172	402	9	substitution-in	113
173	499	10	goal	57
174	499	10	yellow-card	73
175	503	10	goal-penalty	13
176	503	10	substitution-out	83
177	504	10	yellow-card	93
178	505	10	goal	64
179	505	10	goal	68
180	505	10	substitution-out	89
181	507	10	yellow-card	72
182	507	10	substitution-out	75
183	512	10	substitution-in	75
184	516	10	substitution-in	83
185	518	10	substitution-in	89
186	522	10	goal	48
187	523	10	yellow-card	19
188	524	10	yellow-card	50
189	526	10	goal	41
190	527	10	yellow-card	43
191	528	10	substitution-out	66
192	529	10	yellow-card	11
193	529	10	substitution-out	46
194	530	10	yellow-card	93
195	531	10	substitution-out	75
196	535	10	substitution-in	46
197	538	10	substitution-in	75
198	540	10	substitution-in	66
199	540	10	goal	93
200	548	11	yellow-card	94
201	551	11	substitution-out	65
202	552	11	substitution-out	85
203	554	11	substitution-out	65
204	555	11	substitution-in	65
205	556	11	substitution-in	65
206	556	11	yellow-card	87
207	561	11	substitution-in	85
208	386	11	goal	30
209	386	11	yellow-card	87
210	388	11	substitution-out	85
211	390	11	substitution-out	91
212	403	11	goal	59
213	403	11	substitution-out	77
214	395	11	substitution-in	85
215	401	11	substitution-in	77
216	402	11	substitution-in	91
217	502	12	yellow-card	86
218	502	12	substitution-out	89
219	503	12	substitution-out	80
220	505	12	goal	34
221	505	12	substitution-out	75
222	507	12	yellow-card	16
223	511	12	substitution-in	75
224	513	12	substitution-in	89
225	516	12	substitution-in	80
226	463	12	substitution-out	46
227	455	12	substitution-out	82
228	456	12	yellow-card	23
229	461	12	substitution-out	46
230	473	12	yellow-card	81
231	453	12	substitution-in	46
232	474	12	substitution-in	46
233	467	12	substitution-in	82
234	295	13	yellow-card	32
235	304	13	substitution-out	92
236	298	13	yellow-card	91
237	299	13	goal-penalty	51
238	306	13	substitution-out	46
239	313	13	substitution-out	90
240	297	13	substitution-in	46
241	305	13	substitution-in	92
242	301	13	substitution-in	90
243	523	13	substitution-out	80
244	524	13	yellow-card	64
245	525	13	goal	14
246	525	13	yellow-card	94
247	526	13	substitution-out	72
248	527	13	yellow-card	49
249	528	13	substitution-out	61
250	529	13	goal	86
251	538	13	substitution-in	72
252	540	13	substitution-in	80
253	531	13	substitution-in	61
254	571	14	goal-penalty	4
255	571	14	goal	44
256	571	14	goal	88
257	573	14	substitution-out	69
258	575	14	yellow-card	28
259	575	14	substitution-out	68
260	576	14	substitution-out	80
261	580	14	substitution-in	80
262	581	14	substitution-in	68
263	587	14	substitution-in	69
264	371	14	goal	58
265	363	14	yellow-card	17
266	364	14	substitution-out	70
267	368	14	goal	24
268	368	14	goal	55
269	368	14	substitution-out	77
270	369	14	substitution-out	86
271	375	14	substitution-in	70
272	365	14	substitution-in	86
273	380	14	substitution-in	77
274	593	15	yellow-card	38
275	593	15	substitution-out	59
276	594	15	substitution-out	73
277	596	15	substitution-out	59
278	603	15	substitution-in	59
279	603	15	yellow-card	69
280	608	15	substitution-in	59
281	610	15	substitution-in	73
282	500	15	goal	40
283	503	15	goal	61
284	503	15	substitution-out	93
285	505	15	yellow-card	69
286	505	15	substitution-out	88
287	512	15	substitution-out	80
288	508	15	yellow-card	33
289	511	15	substitution-in	88
290	513	15	substitution-in	80
291	516	15	substitution-in	93
292	270	16	substitution-out	81
293	271	16	substitution-out	97
294	282	16	substitution-out	71
295	276	16	goal	4
296	276	16	substitution-out	108
297	281	16	substitution-in	71
298	274	16	substitution-in	97
299	288	16	substitution-in	108
300	290	16	substitution-in	81
301	616	16	substitution-out	46
302	617	16	substitution-out	98
303	619	16	substitution-out	106
304	620	16	goal	1
305	620	16	yellow-card	115
306	623	16	substitution-out	66
307	624	16	substitution-in	98
308	627	16	substitution-in	66
309	633	16	substitution-in	46
310	635	16	substitution-in	106
311	617	17	substitution-out	92
312	620	17	yellow-card	48
313	623	17	substitution-out	75
314	635	17	substitution-out	60
315	628	17	substitution-in	75
316	629	17	substitution-in	60
317	632	17	substitution-in	92
318	503	17	substitution-out	68
319	511	17	substitution-out	78
320	508	17	substitution-out	50
321	505	17	substitution-in	78
322	516	17	substitution-in	68
323	519	17	substitution-in	50
324	179	18	yellow-card	86
325	179	18	substitution-out	89
326	182	18	yellow-card	61
327	184	18	substitution-out	75
328	198	18	goal-own	74
329	186	18	yellow-card	1
330	186	18	substitution-out	65
331	191	18	substitution-in	65
332	195	18	substitution-in	75
333	196	18	substitution-in	89
334	566	18	yellow-card	88
335	546	18	goal-penalty	62
336	547	18	goal	50
337	548	18	yellow-card	26
338	548	18	substitution-out	57
339	549	18	substitution-out	80
340	550	18	substitution-out	68
341	558	18	substitution-in	57
342	560	18	substitution-in	80
343	564	18	substitution-in	68
344	503	19	goal-penalty	58
345	503	19	substitution-out	70
346	511	19	substitution-out	70
347	512	19	yellow-card	76
348	512	19	substitution-out	78
349	504	19	substitution-in	70
350	507	19	substitution-in	78
351	516	19	substitution-in	70
352	431	19	yellow-card	13
353	433	19	substitution-out	84
354	445	19	substitution-out	64
355	435	19	goal-penalty	62
356	436	19	goal-own	81
357	436	19	yellow-card	87
358	437	19	yellow-card	57
359	439	19	substitution-out	72
360	432	19	substitution-in	64
361	448	19	substitution-in	84
362	451	19	substitution-in	72
363	640	20	yellow-card	93
364	642	20	substitution-out	60
365	643	20	goal	82
366	644	20	goal	4
367	645	20	substitution-out	78
368	646	20	substitution-out	39
369	647	20	substitution-in	39
370	652	20	substitution-in	60
371	655	20	substitution-in	78
372	394	20	substitution-out	46
373	385	20	yellow-card	52
374	386	20	yellow-card	76
375	390	20	substitution-out	46
376	393	20	substitution-out	84
377	387	20	substitution-in	46
378	402	20	substitution-in	46
379	403	20	substitution-in	84
380	385	21	substitution-out	46
381	404	21	substitution-out	79
382	386	21	substitution-in	46
383	398	21	substitution-in	79
384	647	21	substitution-out	74
385	645	21	yellow-card	19
386	654	21	goal	51
387	654	21	substitution-out	86
388	658	21	yellow-card	33
389	638	21	substitution-in	74
390	652	21	substitution-in	86
391	659	22	goal-own	93
392	660	22	yellow-card	37
393	664	22	substitution-out	60
394	666	22	goal	31
395	667	22	substitution-out	69
396	668	22	yellow-card	83
397	669	22	substitution-out	81
398	672	22	substitution-in	81
399	677	22	substitution-in	60
400	677	22	yellow-card	75
401	678	22	substitution-in	69
402	678	22	goal	88
403	687	22	substitution-out	81
404	689	22	yellow-card	29
405	690	22	yellow-card	11
406	690	22	substitution-out	93
407	691	22	goal	56
408	691	22	yellow-card	89
409	692	22	substitution-out	91
410	693	22	substitution-in	93
411	697	22	substitution-in	81
412	698	22	substitution-in	91
413	709	23	goal	12
414	710	23	substitution-out	24
415	711	23	substitution-out	70
416	713	23	yellow-card	88
417	713	23	goal	94
418	715	23	substitution-out	64
419	717	23	substitution-in	24
420	717	23	goal	43
421	717	23	goal	91
422	718	23	substitution-in	64
423	726	23	substitution-in	70
424	726	23	goal	71
425	235	23	substitution-out	72
426	236	23	substitution-out	85
427	228	23	substitution-out	64
428	244	23	yellow-card	93
429	226	23	substitution-in	72
430	231	23	substitution-in	64
431	240	23	substitution-in	85
432	270	24	substitution-out	95
433	271	24	goal	68
434	275	24	substitution-out	119
435	276	24	yellow-card	48
436	276	24	goal	109
437	276	24	substitution-out	115
438	277	24	yellow-card	96
439	277	24	substitution-out	101
440	280	24	substitution-in	115
441	274	24	substitution-in	101
442	288	24	substitution-in	119
443	290	24	substitution-in	95
444	384	24	yellow-card	54
445	384	24	substitution-out	112
446	388	24	substitution-out	97
447	390	24	substitution-out	74
448	391	24	goal	5
449	392	24	substitution-out	91
450	394	24	substitution-in	91
451	395	24	substitution-in	97
452	396	24	substitution-in	112
453	402	24	substitution-in	74
454	593	25	substitution-out	63
455	594	25	substitution-out	81
456	612	25	goal	7
457	612	25	goal	62
458	612	25	substitution-out	74
459	602	25	substitution-in	81
460	603	25	substitution-in	63
461	596	25	substitution-in	74
462	568	25	goal	55
463	571	25	yellow-card	93
464	581	25	substitution-out	84
465	576	25	substitution-out	74
466	589	25	substitution-out	65
467	579	25	substitution-in	84
468	580	25	substitution-in	74
469	587	25	substitution-in	65
470	729	26	yellow-card	84
471	731	26	substitution-out	70
472	733	26	substitution-out	90
473	734	26	goal-penalty	76
474	735	26	yellow-card	64
475	735	26	substitution-out	85
476	738	26	yellow-card	59
477	740	26	substitution-in	85
478	741	26	substitution-in	70
479	748	26	substitution-in	90
480	271	26	goal	90
481	281	26	substitution-out	81
482	275	26	substitution-out	65
483	284	26	yellow-card	83
484	288	26	goal	53
485	289	26	yellow-card	14
486	289	26	substitution-out	70
487	272	26	substitution-in	70
488	273	26	substitution-in	81
489	285	26	substitution-in	65
490	534	27	substitution-out	54
491	526	27	substitution-out	75
492	538	27	substitution-out	84
493	540	27	goal	19
494	524	27	substitution-in	54
495	537	27	substitution-in	84
496	531	27	substitution-in	75
497	732	27	substitution-out	63
498	735	27	goal	23
499	735	27	substitution-out	89
500	736	27	substitution-out	76
501	741	27	substitution-in	89
502	747	27	substitution-in	63
503	750	27	substitution-in	76
504	409	28	substitution-out	56
505	410	28	yellow-card	80
506	418	28	substitution-out	46
507	426	28	yellow-card	78
508	426	28	substitution-out	81
509	417	28	substitution-in	46
510	423	28	substitution-in	81
511	425	28	substitution-in	56
512	425	28	yellow-card	96
513	752	28	goal-own	33
514	755	28	goal	51
515	756	28	goal	66
516	756	28	substitution-out	89
517	757	28	yellow-card	44
518	757	28	substitution-out	46
519	759	28	yellow-card	93
520	761	28	substitution-out	77
521	764	28	substitution-in	46
522	764	28	yellow-card	71
523	767	28	substitution-in	77
524	768	28	substitution-in	89
525	706	29	goal	115
526	717	29	goal	31
527	717	29	substitution-out	67
528	713	29	substitution-out	102
529	715	29	substitution-out	54
530	726	29	substitution-out	79
531	709	29	substitution-in	79
532	709	29	yellow-card	109
533	710	29	substitution-in	102
534	711	29	substitution-in	67
535	725	29	substitution-in	54
536	269	29	substitution-out	97
537	270	29	yellow-card	38
538	270	29	substitution-out	74
539	271	29	substitution-out	63
540	272	29	yellow-card	35
541	274	29	goal	39
542	274	29	substitution-out	88
543	278	29	yellow-card	101
544	278	29	goal	101
545	280	29	substitution-in	97
546	281	29	substitution-in	88
547	282	29	substitution-in	63
548	290	29	substitution-in	74
549	290	29	yellow-card	114
550	642	30	goal	16
551	642	30	goal	48
552	642	30	substitution-out	59
553	643	30	goal-penalty	6
554	643	30	goal	51
555	643	30	substitution-out	68
556	652	30	substitution-out	86
557	648	30	substitution-in	59
558	645	30	substitution-in	86
559	657	30	substitution-in	68
560	657	30	goal	90
561	771	30	substitution-out	41
562	756	30	goal	93
563	772	30	goal	18
564	772	30	substitution-out	24
565	757	30	yellow-card	14
566	757	30	substitution-out	59
567	762	30	substitution-in	41
568	760	30	substitution-in	24
569	761	30	substitution-in	59
570	292	31	yellow-card	44
571	292	31	substitution-out	46
572	304	31	goal	49
573	304	31	goal	75
574	296	31	substitution-out	90
575	306	31	substitution-out	85
576	297	31	substitution-in	85
577	301	31	substitution-in	90
578	312	31	substitution-in	46
579	731	31	substitution-out	65
580	736	31	substitution-out	87
581	749	31	substitution-out	71
582	730	31	substitution-in	65
583	741	31	substitution-in	71
584	750	31	substitution-in	87
585	773	32	substitution-out	16
586	756	32	substitution-out	85
587	757	32	goal-penalty	35
588	761	32	substitution-out	74
589	770	32	substitution-in	16
590	766	32	substitution-in	74
591	769	32	substitution-in	85
592	384	32	yellow-card	33
593	387	32	substitution-out	93
594	389	32	goal	11
595	389	32	goal	91
596	390	32	substitution-out	68
597	403	32	substitution-out	80
598	395	32	substitution-in	93
599	402	32	substitution-in	68
600	393	32	substitution-in	80
601	775	33	substitution-out	80
602	776	33	yellow-card	61
603	777	33	yellow-card	85
604	781	33	substitution-out	72
605	784	33	substitution-out	57
606	789	33	substitution-in	57
607	791	33	substitution-in	72
608	792	33	substitution-in	80
609	489	33	substitution-out	32
610	479	33	goal	70
611	479	33	substitution-out	78
612	480	33	goal	75
613	481	33	goal	40
614	484	33	substitution-out	73
615	488	33	substitution-in	78
616	492	33	substitution-in	32
617	482	33	substitution-in	73
618	375	34	substitution-out	74
619	368	34	substitution-out	74
620	369	34	substitution-out	84
621	370	34	goal	19
622	374	34	substitution-in	84
623	380	34	substitution-in	74
624	380	34	goal	91
625	381	34	substitution-in	74
626	797	34	yellow-card	88
627	798	34	yellow-card	93
628	799	34	yellow-card	31
629	801	34	substitution-out	85
630	802	34	yellow-card	21
631	803	34	substitution-out	63
632	804	34	goal	14
633	804	34	substitution-out	72
634	805	34	yellow-card	31
635	806	34	yellow-card	29
636	812	34	substitution-in	63
637	814	34	substitution-in	72
638	814	34	goal	81
639	815	34	substitution-in	85
640	602	35	substitution-out	82
641	603	35	substitution-out	59
642	595	35	goal	23
643	598	35	substitution-out	59
644	594	35	substitution-in	82
645	597	35	substitution-in	59
646	599	35	substitution-in	59
647	226	35	substitution-out	75
648	244	35	substitution-out	44
649	231	35	substitution-out	78
650	236	35	substitution-in	78
651	238	35	substitution-in	75
652	229	35	substitution-in	44
653	696	36	substitution-out	60
654	699	36	yellow-card	22
655	692	36	yellow-card	56
656	692	36	substitution-out	73
657	702	36	substitution-out	66
658	695	36	substitution-in	60
659	687	36	substitution-in	73
660	689	36	substitution-in	66
661	823	36	yellow-card	59
662	824	36	substitution-out	90
663	825	36	substitution-out	83
664	826	36	goal	56
665	830	36	substitution-out	70
666	831	36	substitution-in	83
667	834	36	substitution-in	90
668	834	36	yellow-card	98
669	839	36	substitution-in	70
670	566	37	yellow-card	31
671	566	37	substitution-out	82
672	550	37	substitution-out	91
673	551	37	goal	66
674	551	37	substitution-out	82
675	555	37	substitution-in	82
676	552	37	substitution-in	82
677	564	37	substitution-in	91
678	672	37	red-card	94
679	663	37	yellow-card	68
680	664	37	yellow-card	61
681	681	37	substitution-out	73
682	666	37	substitution-out	73
683	662	37	substitution-in	73
684	674	37	substitution-in	73
685	546	38	goal-penalty	65
686	548	38	substitution-out	81
687	549	38	substitution-out	71
688	553	38	yellow-card	61
689	554	38	substitution-out	77
690	558	38	substitution-in	81
691	560	38	substitution-in	71
692	564	38	substitution-in	77
693	336	38	substitution-out	28
694	329	38	yellow-card	13
695	329	38	substitution-out	66
696	318	38	yellow-card	55
697	331	38	substitution-out	73
698	330	38	substitution-in	73
699	319	38	substitution-in	28
700	333	38	substitution-in	66
701	639	39	yellow-card	59
702	640	39	substitution-out	90
703	641	39	yellow-card	88
704	642	39	goal	69
705	642	39	goal	75
706	649	39	substitution-out	74
707	652	39	goal	47
708	652	39	substitution-out	83
709	644	39	yellow-card	14
710	653	39	substitution-in	83
711	655	39	substitution-in	74
712	646	39	substitution-in	90
713	407	39	yellow-card	51
714	411	39	substitution-out	73
715	412	39	yellow-card	47
716	412	39	substitution-out	63
717	413	39	yellow-card	49
718	414	39	yellow-card	18
719	415	39	yellow-card	57
720	416	39	substitution-out	63
721	418	39	substitution-in	63
722	419	39	substitution-in	63
723	425	39	substitution-in	73
724	824	40	yellow-card	70
725	824	40	substitution-out	89
726	839	40	substitution-out	82
727	829	40	yellow-card	48
728	830	40	yellow-card	33
729	830	40	substitution-out	75
730	833	40	substitution-in	75
731	840	40	substitution-in	82
732	841	40	substitution-in	89
733	200	40	goal	68
734	206	40	substitution-out	80
735	212	40	substitution-out	10
736	207	40	goal	36
737	207	40	substitution-out	66
738	203	40	substitution-in	10
739	211	40	substitution-in	80
740	216	40	substitution-in	66
741	204	41	substitution-out	93
742	205	41	yellow-card	81
743	205	41	goal	97
744	206	41	yellow-card	81
745	206	41	goal	91
746	207	41	substitution-out	68
747	208	41	substitution-out	46
748	221	41	substitution-in	46
749	216	41	substitution-in	93
750	218	41	substitution-in	68
751	683	41	yellow-card	84
752	690	41	substitution-out	75
753	692	41	substitution-out	83
754	702	41	substitution-out	54
755	695	41	substitution-in	54
756	699	41	substitution-in	75
757	700	41	substitution-in	83
758	204	42	substitution-out	58
759	207	42	substitution-out	73
760	216	42	goal-own	13
761	216	42	yellow-card	85
762	208	42	substitution-out	46
763	209	42	yellow-card	90
764	221	42	substitution-in	58
765	211	42	substitution-in	73
766	211	42	goal	76
767	218	42	substitution-in	46
768	637	42	yellow-card	47
769	641	42	goal	31
770	642	42	substitution-out	87
771	644	42	yellow-card	71
772	646	42	substitution-out	83
773	647	42	substitution-in	83
774	645	42	substitution-in	87
775	849	43	substitution-out	74
776	851	43	yellow-card	51
777	851	43	substitution-out	86
778	852	43	substitution-out	80
779	861	43	substitution-in	80
780	862	43	substitution-in	86
781	864	43	substitution-in	74
782	479	43	substitution-out	89
783	496	43	substitution-out	31
784	481	43	goal	74
785	492	43	substitution-out	83
786	483	43	yellow-card	45
787	491	43	substitution-in	31
788	482	43	substitution-in	83
789	497	43	substitution-in	89
790	202	44	yellow-card	47
791	202	44	substitution-out	60
792	204	44	substitution-out	79
793	206	44	goal	20
794	207	44	substitution-out	67
795	211	44	substitution-in	67
796	216	44	substitution-in	60
797	218	44	substitution-in	79
798	660	44	yellow-card	31
799	660	44	substitution-out	87
800	674	44	substitution-out	80
801	664	44	yellow-card	68
802	664	44	substitution-out	71
803	681	44	goal	50
804	668	44	yellow-card	65
805	672	44	substitution-in	87
806	662	44	substitution-in	80
807	677	44	substitution-in	71
808	639	45	goal	69
809	649	45	substitution-out	65
810	652	45	substitution-out	65
811	648	45	substitution-in	65
812	648	45	goal	74
813	646	45	substitution-in	65
814	646	45	goal	94
815	869	45	yellow-card	40
816	869	45	substitution-out	81
817	870	45	goal	48
818	870	45	substitution-out	81
819	872	45	goal	52
820	878	45	substitution-in	81
821	884	45	substitution-in	81
822	501	46	goal	51
823	504	46	substitution-out	85
824	505	46	yellow-card	93
825	506	46	yellow-card	87
826	507	46	substitution-out	86
827	512	46	substitution-in	86
828	513	46	substitution-in	85
829	637	46	yellow-card	71
830	639	46	yellow-card	94
831	648	46	substitution-out	80
832	643	46	yellow-card	63
833	655	46	substitution-out	60
834	646	46	substitution-out	91
835	649	46	substitution-in	80
836	652	46	substitution-in	60
837	657	46	substitution-in	91
838	571	47	goal	4
839	572	47	substitution-out	89
840	581	47	substitution-out	70
841	573	47	substitution-out	59
842	575	47	substitution-in	70
843	585	47	substitution-in	59
844	589	47	substitution-in	89
845	589	47	yellow-card	92
846	810	47	yellow-card	40
847	802	47	substitution-out	86
848	803	47	substitution-out	75
849	804	47	substitution-out	70
850	811	47	substitution-in	70
851	812	47	substitution-in	86
852	817	47	substitution-in	75
853	786	48	goal-own	37
854	787	48	substitution-out	73
855	779	48	yellow-card	12
856	779	48	goal	86
857	793	48	substitution-out	46
858	783	48	substitution-out	83
859	776	48	substitution-in	46
860	781	48	substitution-in	83
861	784	48	substitution-in	73
862	845	48	yellow-card	72
863	846	48	yellow-card	49
864	858	48	substitution-out	62
865	860	48	substitution-out	87
866	851	48	goal	60
867	851	48	substitution-out	75
868	847	48	substitution-in	87
869	859	48	substitution-in	62
870	861	48	substitution-in	75
871	338	49	yellow-card	52
872	338	49	substitution-out	56
873	339	49	substitution-out	76
874	356	49	substitution-out	70
875	346	49	yellow-card	54
876	349	49	substitution-in	56
877	342	49	substitution-in	76
878	342	49	goal-penalty	93
879	353	49	substitution-in	70
880	569	49	yellow-card	33
881	571	49	yellow-card	83
882	580	49	substitution-out	96
883	581	49	substitution-out	84
884	587	49	goal	45
885	587	49	yellow-card	64
886	587	49	substitution-out	70
887	577	49	yellow-card	98
888	572	49	substitution-in	84
889	573	49	substitution-in	70
890	576	49	substitution-in	96
891	502	50	goal	59
892	503	50	goal-penalty	38
893	504	50	substitution-out	81
894	505	50	goal	65
895	506	50	yellow-card	27
896	506	50	substitution-out	55
897	507	50	substitution-out	73
898	508	50	yellow-card	41
899	512	50	substitution-in	73
900	513	50	substitution-in	55
901	516	50	substitution-in	81
902	269	50	yellow-card	92
903	270	50	substitution-out	81
904	271	50	goal	28
905	276	50	goal-own	18
906	276	50	goal	69
907	277	50	substitution-out	71
908	274	50	substitution-in	71
909	289	50	substitution-in	81
910	870	51	substitution-out	75
911	871	51	substitution-out	72
912	872	51	goal	34
913	872	51	yellow-card	68
914	872	51	substitution-out	87
915	874	51	yellow-card	94
916	878	51	substitution-in	72
917	878	51	goal	78
918	880	51	substitution-in	75
919	881	51	substitution-in	87
920	848	51	goal	11
921	849	51	yellow-card	90
922	860	51	substitution-out	65
923	863	51	substitution-out	81
924	851	51	yellow-card	59
925	851	51	substitution-out	86
926	864	51	goal	71
927	847	51	substitution-in	65
928	858	51	substitution-in	86
929	859	51	substitution-in	81
930	859	51	yellow-card	91
931	362	52	yellow-card	40
932	371	52	substitution-out	70
933	368	52	substitution-out	80
934	381	52	substitution-out	104
935	369	52	substitution-out	67
936	361	52	substitution-in	70
937	364	52	substitution-in	67
938	374	52	substitution-in	104
939	380	52	substitution-in	80
940	707	52	yellow-card	54
941	708	52	goal-own	12
942	718	52	substitution-out	97
943	712	52	yellow-card	71
944	714	52	substitution-out	46
945	715	52	substitution-out	61
946	726	52	goal-penalty	41
947	726	52	substitution-out	65
948	717	52	substitution-in	61
949	711	52	substitution-in	65
950	721	52	substitution-in	46
951	725	52	substitution-in	97
952	822	53	yellow-card	39
953	822	53	substitution-out	81
954	824	53	goal	5
955	824	53	yellow-card	87
956	839	53	substitution-out	64
957	828	53	yellow-card	34
958	829	53	yellow-card	47
959	840	53	substitution-in	81
960	830	53	substitution-in	64
961	674	53	substitution-out	46
962	663	53	goal	52
963	681	53	substitution-out	94
964	666	53	substitution-out	73
965	669	53	goal	90
966	669	53	yellow-card	91
967	662	53	substitution-in	73
968	667	53	substitution-in	46
969	678	53	substitution-in	94
970	593	54	yellow-card	59
971	593	54	substitution-out	63
972	594	54	substitution-out	73
973	595	54	goal	10
974	612	54	goal	90
975	612	54	substitution-out	93
976	603	54	substitution-in	73
977	604	54	substitution-in	63
978	608	54	substitution-in	93
979	717	54	goal-own	23
980	717	54	substitution-out	38
981	709	54	yellow-card	9
982	709	54	substitution-out	46
983	722	54	substitution-out	60
984	727	54	yellow-card	27
985	727	54	yellow-card-second	36
986	706	54	substitution-in	38
987	718	54	substitution-in	46
988	711	54	substitution-in	60
989	627	55	substitution-out	68
990	618	55	goal	7
991	622	55	yellow-card	37
992	622	55	substitution-out	59
993	635	55	yellow-card	84
994	619	55	substitution-in	59
995	623	55	substitution-in	68
996	433	55	substitution-out	68
997	445	55	substitution-out	75
998	435	55	goal-penalty	38
999	439	55	substitution-out	82
1000	432	55	substitution-in	75
1001	448	55	substitution-in	68
1002	451	55	substitution-in	82
1003	474	56	substitution-out	85
1004	457	56	yellow-card	38
1005	457	56	substitution-out	87
1006	462	56	substitution-out	62
1007	456	56	substitution-in	62
1008	467	56	substitution-in	85
1009	473	56	substitution-in	87
1010	616	56	substitution-out	81
1011	626	56	substitution-out	35
1012	617	56	yellow-card	86
1013	622	56	goal	59
1014	622	56	yellow-card	93
1015	635	56	substitution-out	67
1016	619	56	substitution-in	67
1017	620	56	substitution-in	81
1018	633	56	substitution-in	35
1019	880	57	substitution-out	47
1020	881	57	substitution-out	65
1021	883	57	substitution-out	82
1022	886	57	yellow-card	66
1023	872	57	substitution-in	65
1024	873	57	substitution-in	47
1025	874	57	substitution-in	82
1026	776	57	goal	59
1027	782	57	substitution-out	79
1028	795	57	substitution-out	79
1029	791	57	substitution-in	79
1030	794	57	substitution-in	79
1031	802	58	yellow-card	34
1032	811	58	substitution-out	77
1033	806	58	substitution-out	76
1034	813	58	substitution-out	82
1035	799	58	substitution-in	82
1036	815	58	substitution-in	77
1037	815	58	goal-own	95
1038	816	58	substitution-in	76
1039	350	58	yellow-card	10
1040	350	58	substitution-out	68
1041	341	58	substitution-out	81
1042	342	58	yellow-card	92
1043	356	58	yellow-card	47
1044	356	58	substitution-out	85
1045	353	58	substitution-in	85
1046	344	58	substitution-in	68
1047	345	58	substitution-in	81
1048	247	59	yellow-card	96
1049	249	59	substitution-out	50
1050	250	59	substitution-out	63
1051	265	59	substitution-out	82
1052	257	59	substitution-in	50
1053	257	59	yellow-card	94
1054	258	59	substitution-in	63
1055	260	59	substitution-in	82
1056	591	59	goal	89
1057	594	59	substitution-out	58
1058	604	59	substitution-out	59
1059	598	59	substitution-out	87
1060	602	59	substitution-in	58
1061	603	59	substitution-in	59
1062	597	59	substitution-in	87
1063	717	60	goal	59
1064	717	60	substitution-out	74
1065	714	60	substitution-out	86
1066	726	60	goal	62
1067	726	60	substitution-out	79
1068	718	60	substitution-in	74
1069	711	60	substitution-in	79
1070	711	60	yellow-card	84
1071	720	60	substitution-in	86
1072	248	60	goal-own	47
1073	250	60	substitution-out	82
1074	251	60	goal-penalty	73
1075	253	60	substitution-out	64
1076	255	60	yellow-card	57
1077	255	60	substitution-out	68
1078	258	60	substitution-in	82
1079	260	60	substitution-in	68
1080	265	60	substitution-in	64
1081	316	61	yellow-card	65
1082	316	61	goal	96
1083	331	61	substitution-out	56
1084	333	61	yellow-card	9
1085	321	61	yellow-card	23
1086	322	61	yellow-card	48
1087	322	61	substitution-out	69
1088	323	61	goal	93
1089	317	61	substitution-in	69
1090	318	61	substitution-in	56
1091	318	61	substitution-out	79
1092	335	61	substitution-in	79
1093	175	61	substitution-out	78
1094	156	61	substitution-out	58
1095	167	61	substitution-out	63
1096	161	61	substitution-in	63
1097	171	61	substitution-in	78
1098	174	61	substitution-in	58
1099	478	62	red-card	3
1100	480	62	substitution-out	31
1101	484	62	goal	39
1102	484	62	substitution-out	59
1103	494	62	substitution-out	70
1104	477	62	substitution-in	31
1105	477	62	yellow-card	64
1106	488	62	substitution-in	70
1107	496	62	substitution-in	59
1108	496	62	yellow-card	86
1109	866	62	yellow-card	94
1110	869	62	substitution-out	80
1111	871	62	goal-penalty	6
1112	871	62	substitution-out	70
1113	873	62	goal	73
1114	873	62	substitution-out	85
1115	878	62	substitution-in	70
1116	880	62	substitution-in	85
1117	884	62	substitution-in	80
1118	175	63	substitution-out	87
1119	157	63	substitution-out	46
1120	158	63	goal	95
1121	165	63	goal	48
1122	162	63	yellow-card	71
1123	162	63	yellow-card-second	82
1124	170	63	substitution-out	31
1125	171	63	substitution-in	87
1126	172	63	substitution-in	31
1127	174	63	substitution-in	46
1128	548	63	yellow-card	97
1129	549	63	yellow-card	52
1130	550	63	substitution-out	90
1131	553	63	substitution-out	74
1132	554	63	goal	32
1133	554	63	substitution-out	78
1134	556	63	substitution-in	78
1135	563	63	substitution-in	74
1136	564	63	substitution-in	90
1137	522	64	yellow-card	51
1138	536	64	yellow-card	87
1139	528	64	substitution-out	68
1140	530	64	yellow-card	85
1141	539	64	substitution-out	56
1142	540	64	substitution-out	54
1143	537	64	substitution-in	54
1144	542	64	substitution-in	68
1145	531	64	substitution-in	56
1146	269	64	yellow-card	67
1147	271	64	substitution-out	82
1148	273	64	goal	91
1149	275	64	goal	80
1150	276	64	yellow-card	58
1151	276	64	substitution-out	93
1152	277	64	yellow-card	39
1153	277	64	goal	53
1154	277	64	substitution-out	57
1155	280	64	substitution-in	93
1156	280	64	yellow-card	94
1157	281	64	substitution-in	82
1158	274	64	substitution-in	57
\.


--
-- Data for Name: groups; Type: TABLE DATA; Schema: public; Owner: -
--

COPY groups (id, name) FROM stdin;
1	F
2	B
3	D
4	G
5	H
6	E
7	C
8	A
\.


--
-- Data for Name: matches; Type: TABLE DATA; Schema: public; Owner: -
--

COPY matches (id, home_team_id, away_team_id, winner_team_id, stadium_id, draw, start_at, stage_name, home_team_score, away_team_score, attendance) FROM stdin;
1	7	8	8	11	f	2018-06-17 23:00:00+07	First stage	0	1	78011
2	12	8	12	12	f	2018-07-02 23:00:00+07	Round of 16	2	0	41970
3	19	32	19	9	f	2018-06-25 22:00:00+07	First stage	2	1	36823
4	16	21	16	10	f	2018-06-17 02:00:00+07	First stage	2	0	31136
5	26	8	8	7	f	2018-06-23 23:00:00+07	First stage	1	2	43472
6	29	9	9	1	f	2018-06-21 02:00:00+07	First stage	0	1	42718
7	10	20	10	2	f	2018-06-24 20:00:00+07	First stage	6	1	43319
8	4	14	14	3	f	2018-06-26 22:00:00+07	First stage	0	2	44073
9	1	10	10	8	f	2018-07-04 02:00:00+07	Round of 16	1	1	44190
10	3	5	3	1	f	2018-06-30 22:00:00+07	Round of 16	4	3	42873
11	15	10	10	12	f	2018-07-07 23:00:00+07	Quarter-finals	0	2	39991
12	3	14	3	6	f	2018-06-22 01:00:00+07	First stage	1	0	32789
13	21	5	5	5	f	2018-06-27 02:00:00+07	First stage	1	2	64468
14	13	9	\N	3	t	2018-06-16 02:00:00+07	First stage	3	3	43866
15	30	3	3	2	f	2018-07-06 22:00:00+07	Quarter-finals	0	2	43319
16	16	27	16	2	f	2018-07-02 02:00:00+07	Round of 16	1	1	40851
17	27	3	\N	11	t	2018-06-26 22:00:00+07	First stage	0	0	78011
18	8	15	15	6	f	2018-06-28 00:00:00+07	First stage	0	3	33061
19	3	4	3	1	f	2018-06-16 18:00:00+07	First stage	2	1	41279
20	31	10	31	5	f	2018-07-14 22:00:00+07	Play-off for third place	2	0	64406
21	10	31	31	10	f	2018-06-29 01:00:00+07	First stage	0	1	33973
22	2	23	\N	2	t	2018-06-28 02:00:00+07	First stage	2	2	43319
23	17	19	17	11	f	2018-06-14 23:00:00+07	First stage	5	0	78011
24	16	10	16	11	f	2018-07-12 02:00:00+07	Semi-finals	2	1	78011
25	30	13	30	3	f	2018-07-01 02:00:00+07	Round of 16	2	1	44287
26	6	16	16	7	f	2018-06-27 02:00:00+07	First stage	1	2	43472
27	5	6	\N	8	t	2018-06-16 21:00:00+07	First stage	1	1	44190
28	20	28	28	4	f	2018-06-29 02:00:00+07	First stage	1	2	37168
29	17	16	16	3	f	2018-07-08 02:00:00+07	Quarter-finals	2	2	44287
30	31	28	31	8	f	2018-06-23 20:00:00+07	First stage	5	2	44190
31	21	6	21	9	f	2018-06-22 23:00:00+07	First stage	2	0	40904
32	28	10	10	9	f	2018-06-19 02:00:00+07	First stage	1	2	41064
33	11	1	1	1	f	2018-06-25 02:00:00+07	First stage	0	3	42873
34	9	18	\N	10	t	2018-06-26 01:00:00+07	First stage	2	2	33973
35	30	19	30	7	f	2018-06-20 23:00:00+07	First stage	1	0	42678
36	23	24	24	12	f	2018-06-17 21:00:00+07	First stage	0	1	41432
37	15	2	15	5	f	2018-07-03 22:00:00+07	Round of 16	1	0	64042
38	15	26	15	2	f	2018-06-18 20:00:00+07	First stage	1	0	42300
39	31	20	31	3	f	2018-06-18 23:00:00+07	First stage	3	0	43257
40	24	12	12	8	f	2018-06-28 02:00:00+07	First stage	0	2	44190
41	12	23	12	5	f	2018-06-22 20:00:00+07	First stage	2	0	64468
42	12	31	31	1	f	2018-07-07 02:00:00+07	Quarter-finals	1	2	42873
43	22	1	1	12	f	2018-06-28 23:00:00+07	First stage	0	1	41970
44	12	2	\N	7	t	2018-06-18 02:00:00+07	First stage	1	1	43109
45	31	25	31	7	f	2018-07-03 02:00:00+07	Round of 16	3	2	41466
46	3	31	3	5	f	2018-07-11 02:00:00+07	Semi-finals	1	0	64286
47	13	18	13	11	f	2018-06-20 20:00:00+07	First stage	1	0	78011
48	11	22	22	8	f	2018-06-19 23:00:00+07	First stage	1	2	44190
49	29	13	\N	4	t	2018-06-26 02:00:00+07	First stage	1	1	41685
50	3	16	3	11	f	2018-07-15 23:00:00+07	Final	4	2	78011
51	25	22	\N	6	t	2018-06-25 01:00:00+07	First stage	2	2	32572
52	9	17	17	11	f	2018-07-01 22:00:00+07	Round of 16	1	1	78011
53	24	2	2	10	f	2018-06-23 01:00:00+07	First stage	1	2	33167
54	30	17	30	12	f	2018-06-25 23:00:00+07	First stage	3	0	41970
55	27	4	\N	12	t	2018-06-21 21:00:00+07	First stage	1	1	40727
56	14	27	27	4	f	2018-06-17 00:00:00+07	First stage	0	1	40502
57	25	11	11	9	f	2018-06-28 22:00:00+07	First stage	0	1	42189
58	18	29	29	5	f	2018-06-15 23:00:00+07	First stage	0	1	62548
59	32	30	30	6	f	2018-06-15 22:00:00+07	First stage	0	1	27015
60	17	32	17	5	f	2018-06-20 02:00:00+07	First stage	3	1	64468
61	26	7	26	1	f	2018-06-27 22:00:00+07	First stage	2	0	41835
62	1	25	25	4	f	2018-06-19 20:00:00+07	First stage	1	2	40842
63	7	15	7	3	f	2018-06-24 02:00:00+07	First stage	2	1	44287
64	5	16	16	2	f	2018-06-22 02:00:00+07	First stage	0	3	43319
\.


--
-- Data for Name: persons; Type: TABLE DATA; Schema: public; Owner: -
--

COPY persons (id, first_name, last_name, job, shirt_number, date_of_birth, country_of_birth, nationality, team_id) FROM stdin;
1	Roberto	DIAZ	Referee	\N	\N	\N	\N	\N
2	Anton	AVERIANOV	Referee	\N	\N	\N	\N	\N
3	Mauro	TONOLINI	Referee	\N	\N	\N	\N	\N
4	Abdelhak	ETCHIALI	Referee	\N	\N	\N	\N	\N
5	Massimiliano	IRRATI	Referee	\N	\N	\N	\N	\N
6	Marvin	TORRENTERA	Referee	\N	\N	\N	\N	\N
7	Yaser	TULEFAT	Referee	\N	\N	\N	\N	\N
8	Mohammadreza	MANSOURI	Referee	\N	\N	\N	\N	\N
9	Ryuji	SATO	Referee	\N	\N	\N	\N	\N
10	Jair	MARRUFO	Referee	\N	\N	\N	\N	\N
11	Redouane	ACHIK	Referee	\N	\N	\N	\N	\N
12	Miguel	HERNANDEZ	Referee	\N	\N	\N	\N	\N
13	Jure	PRAPROTNIK	Referee	\N	\N	\N	\N	\N
14	Elenito	DI LIBERATORE	Referee	\N	\N	\N	\N	\N
15	Mohamed	ALHAMMADI	Referee	\N	\N	\N	\N	\N
16	Tikhon	KALUGIN	Referee	\N	\N	\N	\N	\N
17	El Hadji	SAMBA	Referee	\N	\N	\N	\N	\N
18	Anouar	HMILA	Referee	\N	\N	\N	\N	\N
19	Eduardo	CARDOZO	Referee	\N	\N	\N	\N	\N
20	Jerson	DOS SANTOS	Referee	\N	\N	\N	\N	\N
21	Artur	DIAS	Referee	\N	\N	\N	\N	\N
22	Juan	ZUMBA	Referee	\N	\N	\N	\N	\N
23	Mark	GEIGER	Referee	\N	\N	\N	\N	\N
24	Bakary	GASSAMA	Referee	\N	\N	\N	\N	\N
25	Gianluca	ROCCHI	Referee	\N	\N	\N	\N	\N
26	Paolo	VALERI	Referee	\N	\N	\N	\N	\N
27	Robert	VUKAN	Referee	\N	\N	\N	\N	\N
28	Taleb	AL MARRI	Referee	\N	\N	\N	\N	\N
29	Pawel	GIL	Referee	\N	\N	\N	\N	\N
30	Tevita	MAKASINI	Referee	\N	\N	\N	\N	\N
31	Ravshan	IRMATOV	Referee	\N	\N	\N	\N	\N
32	Bahattin	DURAN	Referee	\N	\N	\N	\N	\N
33	Zakhele	SIWELA	Referee	\N	\N	\N	\N	\N
34	Janny	SIKAZWE	Referee	\N	\N	\N	\N	\N
35	Juan	ZORRILLA	Referee	\N	\N	\N	\N	\N
36	Nicolas	TARAN	Referee	\N	\N	\N	\N	\N
37	Felix	BRYCH	Referee	\N	\N	\N	\N	\N
38	Daniele	ORSATO	Referee	\N	\N	\N	\N	\N
39	Juan Pablo	BELATTI	Referee	\N	\N	\N	\N	\N
40	Milorad	MAZIC	Referee	\N	\N	\N	\N	\N
41	John	PITTI	Referee	\N	\N	\N	\N	\N
42	Bertrand	BRIAL	Referee	\N	\N	\N	\N	\N
43	Emerson	DE CARVALHO	Referee	\N	\N	\N	\N	\N
44	Frank	ANDERSON	Referee	\N	\N	\N	\N	\N
45	Hiroshi	YAMAUCHI	Referee	\N	\N	\N	\N	\N
46	Szymon	MARCINIAK	Referee	\N	\N	\N	\N	\N
47	Nawaf	SHUKRALLA	Referee	\N	\N	\N	\N	\N
48	Reza	SOKHANDAN	Referee	\N	\N	\N	\N	\N
49	Andres	CUNHA	Referee	\N	\N	\N	\N	\N
50	Pawel	SOKOLNICKI	Referee	\N	\N	\N	\N	\N
51	Milovan	RISTIC	Referee	\N	\N	\N	\N	\N
52	Tarik	ONGUN	Referee	\N	\N	\N	\N	\N
53	Jean Claude	BIRUMUSHAHU	Referee	\N	\N	\N	\N	\N
54	Clement	TURPIN	Referee	\N	\N	\N	\N	\N
55	Hernan	MAIDANA	Referee	\N	\N	\N	\N	\N
56	Cesar	RAMOS	Referee	\N	\N	\N	\N	\N
57	Mehdi	ABID CHAREF	Referee	\N	\N	\N	\N	\N
58	Mauro	VIGLIANO	Referee	\N	\N	\N	\N	\N
59	Christian	SCHIEMANN	Referee	\N	\N	\N	\N	\N
60	Joe	FLETCHER	Referee	\N	\N	\N	\N	\N
61	Nestor	PITANA	Referee	\N	\N	\N	\N	\N
62	Corey	ROCKWELL	Referee	\N	\N	\N	\N	\N
63	Alexander	GUZMAN	Referee	\N	\N	\N	\N	\N
64	Cuneyt	CAKIR	Referee	\N	\N	\N	\N	\N
65	Bjorn	KUIPERS	Referee	\N	\N	\N	\N	\N
66	Djibril	CAMARA	Referee	\N	\N	\N	\N	\N
67	Gabriel	VICTORIA	Referee	\N	\N	\N	\N	\N
68	Simon	LOUNT	Referee	\N	\N	\N	\N	\N
69	Tiago	MARTINS	Referee	\N	\N	\N	\N	\N
70	Gery	VARGAS	Referee	\N	\N	\N	\N	\N
71	Carlos	ASTROZA	Referee	\N	\N	\N	\N	\N
72	Ghead	GRISHA	Referee	\N	\N	\N	\N	\N
73	Wilmar	ROLDAN	Referee	\N	\N	\N	\N	\N
74	Abdulrahman	AL JASSIM	Referee	\N	\N	\N	\N	\N
75	Cyril	GRINGORE	Referee	\N	\N	\N	\N	\N
76	Hasan	ALMAHRI	Referee	\N	\N	\N	\N	\N
77	Enrique	CACERES	Referee	\N	\N	\N	\N	\N
78	Erwin	ZEINSTRA	Referee	\N	\N	\N	\N	\N
79	Norbert	HAUATA	Referee	\N	\N	\N	\N	\N
80	Waleed	AHMED	Referee	\N	\N	\N	\N	\N
81	Damir	SKOMINA	Referee	\N	\N	\N	\N	\N
82	Toru	SAGARA	Referee	\N	\N	\N	\N	\N
83	Malang	DIEDHIOU	Referee	\N	\N	\N	\N	\N
84	Dalibor	DJURDJEVIC	Referee	\N	\N	\N	\N	\N
85	Sander	VAN ROEKEL	Referee	\N	\N	\N	\N	\N
86	Abdukhamidullo	RASULOV	Referee	\N	\N	\N	\N	\N
87	Nicolas	DANOS	Referee	\N	\N	\N	\N	\N
88	Jakhongir	SAIDOV	Referee	\N	\N	\N	\N	\N
89	Antonio	MATEU	Referee	\N	\N	\N	\N	\N
90	Tomasz	LISTKIEWICZ	Referee	\N	\N	\N	\N	\N
91	Wilton	SAMPAIO	Referee	\N	\N	\N	\N	\N
92	Mauricio	ESPINOSA	Referee	\N	\N	\N	\N	\N
93	Marcelo	VAN GASSE	Referee	\N	\N	\N	\N	\N
94	Bastian	DANKERT	Referee	\N	\N	\N	\N	\N
95	Alireza	FAGHANI	Referee	\N	\N	\N	\N	\N
96	Felix	ZWAYER	Referee	\N	\N	\N	\N	\N
97	Juan Carlos	MORA	Referee	\N	\N	\N	\N	\N
98	Cristian	DE LA CRUZ	Referee	\N	\N	\N	\N	\N
99	Julio	BASCUNAN	Referee	\N	\N	\N	\N	\N
100	Joel	AGUILAR	Referee	\N	\N	\N	\N	\N
101	Bamlak	TESSEMA	Referee	\N	\N	\N	\N	\N
102	Sandro	RICCI	Referee	\N	\N	\N	\N	\N
103	Danny	MAKKELIE	Referee	\N	\N	\N	\N	\N
104	Mark	BORSCH	Referee	\N	\N	\N	\N	\N
105	Pau	CEBRIAN	Referee	\N	\N	\N	\N	\N
106	Matt	CONGER	Referee	\N	\N	\N	\N	\N
107	Sergei	KARASEV	Referee	\N	\N	\N	\N	\N
108	Ricardo	MONTERO	Referee	\N	\N	\N	\N	\N
109	Stefan	LUPP	Referee	\N	\N	\N	\N	\N
110	Mohammed Abdulla	MOHAMMED	Referee	\N	\N	\N	\N	\N
111	Paulo	BENTO	Coach	\N	1969-06-20		Portugal	26
112	Gernot	ROHR	Coach	\N	1953-06-28		France	21
113	Salisu	YUSUF	Coach	\N	1952-01-10		Nigeria	21
114	Jorge	PAUTASSO	Coach	\N	1962-02-03		Argentina	5
115	Lionel	SCALONI	Coach	\N	1978-05-16		Argentina	5
116	ge	HAREIDE	Coach	\N	1953-09-23		Norway	27
117	Celso	OTERO	Coach	\N	1958-02-01		Uruguay	30
118	scar	TABREZ	Coach	\N	1947-03-03		Uruguay	30
119	Faouzi	BENZARTI	Coach	\N	1950-01-03		Tunisia	28
120	Tuca	FERRETTI	Coach	\N	1954-02-22		Brazil	8
121	Mladen	KRSTAJI	Coach	\N	1974-03-04		Serbia	24
122	Arturo	REYES	Coach	\N	1969-04-08		Colombia	1
123	Roberto	MARTNEZ	Coach	\N	1973-07-13		Spain	31
124	Thierry	HENRY	Coach	\N	1977-08-17		France	31
125	Hany	RAMZY	Coach	\N	1969-03-10		Egypt	32
126	Mchel	SALGADO	Coach	\N	1975-10-22		Spain	32
127	Javier	AGUIRRE	Coach	\N	1958-12-01		Mexico	32
128	Gareth	SOUTHGATE	Coach	\N	1970-09-03		England	10
129	Bert	VAN MARWIJK	Coach	\N	1952-05-19		Netherlands	4
130	Stanislav	CHERCHESOV	Coach	\N	1963-09-02		Russia	17
131	Rnald	GONZLEZ	Coach	\N	1970-08-08		Costa Rica	23
132	Fernando	SANTOS	Coach	\N	1954-10-19		Portugal	13
133	Ildio	VALE	Coach	\N	1957-12-13		Portugal	13
134	Janne	ANDERSSON	Coach	\N	1962-09-29		Sweden	15
135	Aliou	CISS	Coach	\N	1976-03-24		Senegal	22
136	Gary	STEMPEL	Coach	\N	1957-11-15		England	20
137	Tite	\N	Coach	\N	1961-05-25		Brazil	12
138	Ricardo	GARECA	Coach	\N	1958-02-10		Argentina	14
139	Joachim	LW	Coach	\N	1960-02-03		Germany	7
140	Andreas	KPKE	Coach	\N	1962-03-12		Germany	7
141	Jamal	SELLAMI	Coach	\N	1970-10-06		Morocco	18
142	Herv	RENARD	Coach	\N	1968-09-30		France	18
143	Hajime	MORIYASU	Coach	\N	1968-08-23		Japan	25
144	Pizzi	\N	Coach	\N	1968-06-07		Spain	19
145	Carlos	QUEIROZ	Coach	\N	1953-03-01		Portugal	29
146	Jerzy	BRZCZEK	Coach	\N	1971-03-18		Poland	11
147	Luis	ENRIQUE	Coach	\N	1970-05-08		Spain	9
148	Zlatko	DALI	Coach	\N	1966-10-26		Croatia	16
149	Vladimir	PETKOVI	Coach	\N	1963-08-15		Bosnia and Herzegovina	2
150	Erik	HAMRN	Coach	\N	1957-06-27		Sweden	6
151	Didier	DESCHAMPS	Coach	\N	1968-10-15		France	3
152	Guy	STPHAN	Coach	\N	1956-10-17		France	3
153	Manuel	NEUER	Goalie	1	1986-03-27	Germany	Germany	7
154	Marvin	PLATTENHARDT	Defender	2	\N	\N	\N	7
155	Mats	HUMMELS	Defender	5	1988-12-16	Germany	Germany	7
156	Sami	KHEDIRA	Midfield	6	\N	\N	\N	7
157	Julian	DRAXLER	Midfield	7	1993-09-20	Germany	Germany	7
158	Toni	KROOS	Midfield	8	1990-01-04	Germany	Germany	7
159	Timo	WERNER	Forward	9	1996-03-06	Germany	Germany	7
160	Mesut	OEZIL	Midfield	10	\N	\N	\N	7
161	Thomas	MUELLER	Midfield	13	\N	\N	\N	7
162	Jerome	BOATENG	Defender	17	1988-09-03	Germany	Germany	7
163	Joshua	KIMMICH	Defender	18	1995-02-08	Germany	Germany	7
164	Matthias	GINTER	Defender	4	1994-01-19	Germany	Germany	7
165	Marco	REUS	Forward	11	1989-05-31	Germany	Germany	7
166	Kevin	TRAPP	Goalie	12	1990-09-08	Germany	Germany	7
167	Leon	GORETZKA	Midfield	14	1995-02-06	Germany	Germany	7
168	Niklas	SUELE	Defender	15	\N	\N	\N	7
169	Antonio	RUEDIGER	Defender	16	\N	\N	\N	7
170	Sebastian	RUDY	Midfield	19	1990-02-28	Germany	Germany	7
171	Julian	BRANDT	Midfield	20	1996-05-02	Germany	Germany	7
172	Ilkay	GUENDOGAN	Midfield	21	\N	\N	\N	7
173	Marc-andre	TER STEGEN	Goalie	22	1992-04-30	Germany	Germany	7
174	Mario	GOMEZ	Forward	23	\N	\N	\N	7
175	Jonas	HECTOR	Defender	3	1990-05-27	Germany	Germany	7
176	Guillermo	OCHOA	Goalie	13	1985-07-13	Mexico	Mexico	8
177	Hugo	AYALA	Defender	2	1987-03-31	Mexico	Mexico	8
178	Carlos	SALCEDO	Defender	3	\N	\N	\N	8
179	Miguel	LAYUN	Midfield	7	\N	\N	\N	8
180	Carlos	VELA	Forward	11	\N	\N	\N	8
181	Javier	HERNANDEZ	Forward	14	\N	\N	\N	8
182	Hector	MORENO	Defender	15	\N	\N	\N	8
183	Hector	HERRERA	Defender	16	\N	\N	\N	8
184	Andres	GUARDADO	Midfield	18	\N	\N	\N	8
185	Hirving	LOZANO	Forward	22	1995-07-30	Mexico	Mexico	8
186	Jesus	GALLARDO	Midfield	23	1994-08-15	Mexico	Mexico	8
187	Jose	CORONA	Goalie	1	\N	\N	\N	8
188	Rafael	MARQUEZ	Defender	4	\N	\N	\N	8
189	Erick	GUTIERREZ	Midfield	5	1995-06-15	Mexico	Mexico	8
190	Jonathan	DOS SANTOS	Midfield	6	1990-04-26	Mexico	Mexico	8
191	Marco	FABIAN	Forward	8	\N	\N	\N	8
192	Raul	JIMENEZ	Forward	9	1991-05-05	Mexico	Mexico	8
193	Giovani	DOS SANTOS	Midfield	10	\N	\N	\N	8
194	Alfredo	TALAVERA	Goalie	12	\N	\N	\N	8
195	Jesus	CORONA	Midfield	17	\N	\N	\N	8
196	Oribe	PERALTA	Forward	19	\N	\N	\N	8
197	Javier	AQUINO	Midfield	20	\N	\N	\N	8
198	Edson	ALVAREZ	Defender	21	1997-10-24	Mexico	Mexico	8
199	Alisson	\N	Goalie	1	1992-10-02	Brazil	Brazil	12
200	Thiago	SILVA	Defender	2	1984-09-22	Brazil	Brazil	12
201	Miranda	\N	Defender	3	\N	\N	\N	12
202	Casemiro	\N	Midfield	5	1992-02-23	Brazil	Brazil	12
203	Filipe	LUIS	Defender	6	1985-08-09	Brazil	Brazil	12
204	Gabriel	JESUS	Forward	9	\N	\N	\N	12
205	Neymar	\N	Forward	10	1992-02-05	Brazil	Brazil	12
206	Philippe	COUTINHO	Midfield	11	1992-06-12	Brazil	Brazil	12
207	Paulinho	\N	Midfield	15	\N	\N	\N	12
208	Willian	\N	Midfield	19	1988-08-09	Brazil	Brazil	12
209	Fagner	\N	Defender	22	\N	\N	\N	12
210	Pedro	GEROMEL	Defender	4	\N	\N	\N	12
211	Renato	AUGUSTO	Midfield	8	\N	\N	\N	12
212	Marcelo	\N	Defender	12	\N	\N	\N	12
213	Marquinhos	\N	Defender	13	1994-05-14	Brazil	Brazil	12
214	Danilo	\N	Defender	14	\N	\N	\N	12
215	Cassio	\N	Goalie	16	\N	\N	\N	12
216	Fernandinho	\N	Midfield	17	\N	\N	\N	12
217	Fred	\N	Midfield	18	1993-03-05	Brazil	Brazil	12
218	Roberto	FIRMINO	Forward	20	1991-10-02	Brazil	Brazil	12
219	Taison	\N	Forward	21	\N	\N	\N	12
220	Ederson	\N	Goalie	23	\N	\N	\N	12
221	Douglas	COSTA	Forward	7	1990-09-14	Brazil	Brazil	12
222	Yasser	ALMOSAILEM	Goalie	21	1984-02-27	Saudi Arabia	Saudi Arabia	19
223	Osama	HAWSAWI	Defender	3	\N	\N	\N	19
224	Mohammed	ALBURAYK	Defender	6	\N	\N	\N	19
225	Salman	ALFARAJ	Midfield	7	\N	\N	\N	19
226	Hatan	BAHBRI	Midfield	9	\N	\N	\N	19
227	Yasser	ALSHAHRANI	Defender	13	\N	\N	\N	19
228	Abdullah	OTAYF	Midfield	14	\N	\N	\N	19
229	Hussain	ALMOQAHWI	Midfield	16	1988-03-24	Saudi Arabia	Saudi Arabia	19
230	Salem	ALDAWSARI	Midfield	18	1991-08-19	Saudi Arabia	Saudi Arabia	19
231	Fahad	ALMUWALLAD	Forward	19	1994-09-14	Saudi Arabia	Saudi Arabia	19
232	Motaz	HAWSAWI	Defender	23	1992-02-17	Saudi Arabia	Saudi Arabia	19
233	Abdullah	ALMUAIOUF	Goalie	1	\N	\N	\N	19
234	Mansour	ALHARBI	Defender	2	\N	\N	\N	19
235	Yahia	ALSHEHRI	Midfield	8	1990-06-26	Saudi Arabia	Saudi Arabia	19
236	Mohammed	ALSAHLAWI	Forward	10	\N	\N	\N	19
237	Abdulmalek	ALKHAIBRI	Midfield	11	\N	\N	\N	19
238	Mohamed	KANNO	Midfield	12	1994-09-22	Saudi Arabia	Saudi Arabia	19
239	Abdullah	ALKHAIBARI	Midfield	15	1996-08-16	Saudi Arabia	Saudi Arabia	19
240	Muhannad	ASIRI	Forward	20	\N	\N	\N	19
241	Mohammed	ALOWAIS	Goalie	22	1991-10-10	Saudi Arabia	Saudi Arabia	19
242	Ali	ALBULAYHI	Defender	4	1989-11-21	Saudi Arabia	Saudi Arabia	19
243	Omar	HAWSAWI	Defender	5	1985-09-27	Saudi Arabia	Saudi Arabia	19
244	Taiseer	ALJASSAM	Midfield	17	\N	\N	\N	19
245	Essam	ELHADARY	Goalie	1	\N	\N	\N	32
246	Ali	GABR	Defender	2	\N	\N	\N	32
247	Ahmed	HEGAZY	Defender	6	1991-01-25	Egypt	Egypt	32
248	Ahmed	FATHI	Defender	7	\N	\N	\N	32
249	Tarek	HAMED	Midfield	8	1988-10-24	Egypt	Egypt	32
250	Marwan	MOHSEN	Forward	9	1989-02-26	Egypt	Egypt	32
251	Mohamed	SALAH	Forward	10	1992-06-15	Egypt	Egypt	32
252	Mohamed	ABDELSHAFY	Defender	13	\N	\N	\N	32
253	Mohamed	ELNENY	Midfield	17	1992-07-11	Egypt	Egypt	32
254	Abdalla	SAID	Midfield	19	\N	\N	\N	32
255	Treziguet	\N	Midfield	21	\N	\N	\N	32
256	Ahmed	ELMOHAMADY	Defender	3	1987-09-09	Egypt	Egypt	32
257	Sam	MORSY	Midfield	5	1991-09-10	England	Egypt	32
258	Kahraba	\N	Forward	11	\N	\N	\N	32
259	Ayman	ASHRAF	Defender	12	1991-04-09	Egypt	Egypt	32
260	Ramadan	SOBHY	Forward	14	\N	\N	\N	32
261	Mahmoud	HAMDY	Defender	15	\N	\N	\N	32
262	Sherif	EKRAMY	Goalie	16	\N	\N	\N	32
263	Shikabala	\N	Forward	18	\N	\N	\N	32
264	Samir	SAAD	Defender	20	\N	\N	\N	32
265	Amr	WARDA	Forward	22	1993-09-17	Egypt	Egypt	32
266	Mohamed	ELSHENAWY	Goalie	23	1988-12-18	Egypt	Egypt	32
267	Omar	GABER	Midfield	4	\N	\N	\N	32
268	Danijel	SUBASIC	Goalie	23	\N	\N	\N	16
269	Sime	VRSALJKO	Defender	2	1992-01-10	Croatia	Croatia	16
270	Ivan	STRINIC	Defender	3	1987-07-17	Croatia	Croatia	16
271	Ivan	PERISIC	Forward	4	1989-02-02	Croatia	Croatia	16
272	Dejan	LOVREN	Defender	6	1989-07-05	Bosnia and Herzegovina	Croatia	16
273	Ivan	RAKITIC	Midfield	7	1988-03-10	Switzerland	Croatia	16
274	Andrej	KRAMARIC	Forward	9	1991-06-19	Croatia	Croatia	16
275	Luka	MODRIC	Midfield	10	1985-09-09	Croatia	Croatia	16
276	Mario	MANDZUKIC	Forward	17	\N	\N	\N	16
277	Ante	REBIC	Forward	18	\N	\N	\N	16
278	Domagoj	VIDA	Defender	21	1989-04-29	Croatia	Croatia	16
279	Dominik	LIVAKOVIC	Goalie	1	1995-01-09	Croatia	Croatia	16
280	Vedran	CORLUKA	Defender	5	\N	\N	\N	16
281	Mateo	KOVACIC	Midfield	8	1994-05-06	Austria	Croatia	16
282	Marcelo	BROZOVIC	Midfield	11	1992-11-16	Croatia	Croatia	16
283	Lovre	KALINIC	Goalie	12	1990-04-03	Croatia	Croatia	16
284	Tin	JEDVAJ	Defender	13	1995-11-28	Croatia	Croatia	16
285	Filip	BRADARIC	Midfield	14	1993-05-19	Croatia	Croatia	16
286	Duje	CALETA-CAR	Defender	15	\N	\N	\N	16
287	Nikola	KALINIC	Forward	16	\N	\N	\N	16
288	Milan	BADELJ	Midfield	19	1989-02-25	Croatia	Croatia	16
289	Marko	PJACA	Forward	20	1995-05-06	Croatia	Croatia	16
290	Josip	PIVARIC	Defender	22	1989-01-30	Croatia	Croatia	16
291	Francis	UZOHO	Goalie	23	1998-10-28	Nigeria	Nigeria	21
292	Bryan	IDOWU	Defender	2	\N	\N	\N	21
293	Wilfred	NDIDI	Midfield	4	1996-12-16	Nigeria	Nigeria	21
294	William	EKONG	Defender	5	\N	\N	\N	21
295	Leon	BALOGUN	Defender	6	1988-06-28	Germany	Nigeria	21
296	Oghenekaro	ETEBO	Midfield	8	1995-11-09	Nigeria	Nigeria	21
297	Odion	IGHALO	Forward	9	1989-06-16	Nigeria	Nigeria	21
298	John obi	MIKEL	Midfield	10	\N	\N	\N	21
299	Victor	MOSES	Forward	11	\N	\N	\N	21
300	Abdullahi	SHEHU	Defender	12	\N	\N	\N	21
301	Alex	IWOBI	Forward	18	1996-05-03	Nigeria	Nigeria	21
302	Ikechukwu	EZENWA	Goalie	1	1988-10-16	Nigeria	Nigeria	21
303	Elderson	ECHIEJILE	Defender	3	\N	\N	\N	21
304	Ahmed	MUSA	Forward	7	1992-10-14	Nigeria	Nigeria	21
305	Simeon	NWANKWO	Forward	13	1992-05-07	Nigeria	Nigeria	21
306	Kelechi	IHEANACHO	Forward	14	1996-10-03	Nigeria	Nigeria	21
307	Joel	OBI	Midfield	15	1991-05-22	Nigeria	Nigeria	21
308	Daniel	AKPEYI	Goalie	16	1986-03-08	Nigeria	Nigeria	21
309	Ogenyi	ONAZI	Midfield	17	1992-12-25	Nigeria	Nigeria	21
310	John	OGU	Midfield	19	1988-04-20	Nigeria	Nigeria	21
311	Chidozie	AWAZIEM	Defender	20	1997-01-01	Nigeria	Nigeria	21
312	Tyronne	EBUEHI	Defender	21	\N	\N	\N	21
313	Kenneth	OMERUO	Defender	22	1993-10-17	Nigeria	Nigeria	21
314	Jo	HYEONWOO	Goalie	23	\N	\N	\N	26
315	Lee	YONG	Defender	2	1986-12-24	Korea Republic	Korea Republic	26
316	Son	HEUNGMIN	Forward	7	1992-07-08	Korea Republic	Korea Republic	26
317	Ju	SEJONG	Midfield	8	1990-10-30	Korea Republic	Korea Republic	26
318	Hwang	HEECHAN	Forward	11	1996-01-26	Korea Republic	Korea Republic	26
319	Kim	MINWOO	Defender	12	\N	\N	\N	26
320	Ki	SUNGYUENG	Midfield	16	1989-01-24	Korea Republic	Korea Republic	26
321	Lee	JAESUNG	Midfield	17	1992-08-10	Korea Republic	Korea Republic	26
322	Moon	SEONMIN	Midfield	18	1992-11-16	Korea Republic	Korea Republic	26
323	Kim	YOUNGGWON	Defender	19	1990-02-27	Korea Republic	Korea Republic	26
324	Jang	HYUNSOO	Defender	20	1991-09-28	Korea Republic	Korea Republic	26
325	Kim	SEUNGGYU	Goalie	1	1990-09-30	Korea Republic	Korea Republic	26
326	Jung	SEUNGHYUN	Defender	3	\N	\N	\N	26
327	Oh	BANSUK	Defender	4	\N	\N	\N	26
328	Yun	YOUNGSUN	Defender	5	1988-10-04	Korea Republic	Korea Republic	26
329	Kim	SHINWOOK	Forward	9	\N	\N	\N	26
330	Lee	SEUNGWOO	Midfield	10	1998-01-06	Korea Republic	Korea Republic	26
331	Koo	JACHEOL	Midfield	13	\N	\N	\N	26
332	Hong	CHUL	Defender	14	1990-09-17	Korea Republic	Korea Republic	26
333	Jung	WOOYOUNG	Midfield	15	1989-12-14	Korea Republic	Korea Republic	26
334	Kim	JINHYEON	Goalie	21	1987-07-06	Korea Republic	Korea Republic	26
335	Go	YOHAN	Defender	22	\N	\N	\N	26
336	Park	JOOHO	Defender	6	\N	\N	\N	26
337	Ali	BEIRANVAND	Goalie	1	\N	\N	\N	29
338	Ehsan	HAJI SAFI	Defender	3	\N	\N	\N	29
339	Saeid	EZATOLAHI	Midfield	6	1996-10-01	Iran	Iran	29
340	Morteza	POURALIGANJI	Defender	8	1992-04-19	Iran	Iran	29
341	Omid	EBRAHIMI	Midfield	9	1987-09-16	Iran	Iran	29
342	Karim	ANSARIFARD	Forward	10	1990-04-03	Iran	Iran	29
343	Vahid	AMIRI	Midfield	11	1988-04-02	Iran	Iran	29
344	Mehdi	TAREMI	Forward	17	1992-07-18	Iran	Iran	29
345	Majid	HOSSEINI	Defender	19	1996-06-20	Iran	Iran	29
346	Sardar	AZMOUN	Forward	20	\N	\N	\N	29
347	Ramin	REZAEIAN	Defender	23	1990-03-21	Iran	Iran	29
348	Mahdi	TORABI	Midfield	2	\N	\N	\N	29
349	Milad	MOHAMMADI	Defender	5	1993-09-29	Iran	Iran	29
350	Masoud	SHOJAEI	Midfield	7	1984-06-09	Iran	Iran	29
351	Rashid	MAZAHERI	Goalie	12	\N	\N	\N	29
352	Mohammad reza	KHANZADEH	Defender	13	\N	\N	\N	29
353	Saman	GHODDOS	Forward	14	1993-11-03	Sweden	Iran	29
354	Pejman	MONTAZERI	Defender	15	1983-09-06	Iran	Iran	29
355	Reza	GHOOCHANNEJHAD	Forward	16	\N	\N	\N	29
356	Alireza	JAHANBAKHSH	Forward	18	1993-08-11	Iran	Iran	29
357	Ashkan	DEJAGAH	Forward	21	1986-07-05	Iran	Iran	29
358	Amir	ABEDZADEH	Goalie	22	1993-04-26	Iran	Iran	29
359	Roozbeh	CHESHMI	Defender	4	1993-07-24	Iran	Iran	29
360	David	DE GEA	Goalie	1	1990-11-07	Spain	Spain	9
361	Dani	CARVAJAL	Defender	2	1992-01-11	Spain	Spain	9
362	Gerard	PIQUE	Defender	3	\N	\N	\N	9
363	Sergio	BUSQUETS	Midfield	5	\N	\N	\N	9
364	Andres	INIESTA	Midfield	6	\N	\N	\N	9
365	Lucas	VAZQUEZ	Forward	11	\N	\N	\N	9
366	Sergio	RAMOS	Defender	15	1986-03-30	Spain	Spain	9
367	Jordi	ALBA	Defender	18	\N	\N	\N	9
368	Diego	COSTA	Forward	19	\N	\N	\N	9
369	David	SILVA	Forward	21	\N	\N	\N	9
370	Isco	\N	Midfield	22	1992-04-21	Spain	Spain	9
371	Nacho	\N	Defender	4	1990-01-18	Spain	Spain	9
372	Saul	\N	Midfield	7	1994-11-21	Spain	Spain	9
373	Koke	\N	Midfield	8	\N	\N	\N	9
374	Rodrigo	\N	Forward	9	1991-03-06	Brazil	Spain	9
375	Thiago	\N	Midfield	10	\N	\N	\N	9
376	Alvaro	ODRIOZOLA	Defender	12	\N	\N	\N	9
377	Kepa	ARRIZABALAGA	Goalie	13	1994-10-03	Spain	Spain	9
378	Cesar	AZPILICUETA	Defender	14	\N	\N	\N	9
379	Nacho	MONREAL	Defender	16	\N	\N	\N	9
380	Iago	ASPAS	Forward	17	1987-08-01	Spain	Spain	9
381	Marco	ASENSIO	Midfield	20	1996-01-21	Spain	Spain	9
382	Pepe	REINA	Goalie	23	\N	\N	\N	9
383	Jordan	PICKFORD	Goalie	1	1994-03-07	England	England	10
384	Kyle	WALKER	Defender	2	1990-05-28	England	England	10
385	John	STONES	Defender	5	1994-05-28	England	England	10
386	Harry	MAGUIRE	Defender	6	1992-03-05	England	England	10
387	Jesse	LINGARD	Midfield	7	1992-12-15	England	England	10
388	Jordan	HENDERSON	Midfield	8	1990-06-17	England	England	10
389	Harry	KANE	Forward	9	1993-07-28	England	England	10
390	Raheem	STERLING	Forward	10	\N	\N	\N	10
391	Kieran	TRIPPIER	Defender	12	1990-09-19	England	England	10
392	Ashley	YOUNG	Defender	18	\N	\N	\N	10
393	Ruben	LOFTUS-CHEEK	Midfield	21	1996-01-23	England	England	10
394	Danny	ROSE	Defender	3	1990-07-02	England	England	10
395	Eric	DIER	Midfield	4	1994-01-15	England	England	10
396	Jamie	VARDY	Forward	11	\N	\N	\N	10
397	Jack	BUTLAND	Goalie	13	1993-03-10	England	England	10
398	Danny	WELBECK	Forward	14	1990-11-26	England	England	10
399	Gary	CAHILL	Defender	15	\N	\N	\N	10
400	Phil	JONES	Defender	16	\N	\N	\N	10
401	Fabian	DELPH	Defender	17	1989-11-21	England	England	10
402	Marcus	RASHFORD	Forward	19	1997-10-31	England	England	10
403	Dele	ALLI	Midfield	20	1996-04-11	England	England	10
404	Trent	ALEXANDER-ARNOLD	Defender	22	1998-10-07	England	England	10
405	Nick	POPE	Goalie	23	\N	\N	\N	10
406	Jaime	PENEDO	Goalie	1	\N	\N	\N	20
407	Michael	MURILLO	Defender	2	\N	\N	\N	20
408	Fidel	ESCOBAR	Defender	4	1995-01-09	Panama	Panama	20
409	Roman	TORRES	Defender	5	1986-03-20	Panama	Panama	20
410	Gabriel	GOMEZ	Midfield	6	\N	\N	\N	20
411	Blas	PEREZ	Forward	7	\N	\N	\N	20
412	Edgar	BARCENAS	Midfield	8	\N	\N	\N	20
413	Armando	COOPER	Midfield	11	\N	\N	\N	20
414	Eric	DAVIS	Defender	15	\N	\N	\N	20
415	Anibal	GODOY	Midfield	20	1990-02-10	Panama	Panama	20
416	Jose luis	RODRIGUEZ	Midfield	21	1998-06-19	Panama	Panama	20
417	Harold	CUMMINGS	Defender	3	\N	\N	\N	20
418	Gabriel	TORRES	Forward	9	1988-10-31	Panama	Panama	20
419	Ismael	DIAZ	Forward	10	\N	\N	\N	20
420	Jose	CALDERON	Goalie	12	\N	\N	\N	20
421	Adolfo	MACHADO	Defender	13	\N	\N	\N	20
422	Valentin	PIMENTEL	Midfield	14	\N	\N	\N	20
423	Abdiel	ARROYO	Forward	16	\N	\N	\N	20
424	Luis	OVALLE	Defender	17	\N	\N	\N	20
425	Luis	TEJADA	Forward	18	\N	\N	\N	20
426	Ricardo	AVILA	Midfield	19	\N	\N	\N	20
427	Alex	RODRIGUEZ	Goalie	22	\N	\N	\N	20
428	Felipe	BALOY	Defender	23	\N	\N	\N	20
429	Mathew	RYAN	Goalie	1	\N	\N	\N	4
430	Mark	MILLIGAN	Defender	5	1985-08-04	Australia	Australia	4
431	Mathew	LECKIE	Forward	7	1991-02-04	Australia	Australia	4
432	Tomi	JURIC	Forward	9	1991-07-22	Australia	Australia	4
433	Robbie	KRUSE	Forward	10	1988-10-05	Australia	Australia	4
434	Aaron	MOOY	Midfield	13	1990-09-15	Australia	Australia	4
435	Mile	JEDINAK	Midfield	15	\N	\N	\N	4
436	Aziz	BEHICH	Defender	16	1990-12-16	Australia	Australia	4
437	Joshua	RISDON	Defender	19	\N	\N	\N	4
438	Trent	SAINSBURY	Defender	20	1992-01-05	Australia	Australia	4
439	Tom	ROGIC	Midfield	23	1992-12-16	Australia	Australia	4
440	Milos	DEGENEK	Defender	2	1994-04-28	Croatia	Australia	4
441	James	MEREDITH	Defender	3	\N	\N	\N	4
442	Tim	CAHILL	Forward	4	\N	\N	\N	4
443	Matthew	JURMAN	Defender	6	\N	\N	\N	4
444	Massimo	LUONGO	Midfield	8	1992-09-25	Australia	Australia	4
445	Andrew	NABBOUT	Forward	11	\N	\N	\N	4
446	Brad	JONES	Goalie	12	1982-03-19	Australia	Australia	4
447	Jamie	MACLAREN	Forward	14	\N	\N	\N	4
448	Daniel	ARZANI	Forward	17	1999-01-04	Iran	Australia	4
449	Danny	VUKOVIC	Goalie	18	1985-03-27	Australia	Australia	4
450	Dimitrios	PETRATOS	Forward	21	\N	\N	\N	4
451	Jackson	IRVINE	Midfield	22	1993-03-07	Australia	Australia	4
452	Pedro	GALLESE	Goalie	1	1990-02-23	Peru	Peru	14
453	Anderson	SANTAMARIA	Defender	4	1992-01-10	Peru	Peru	14
454	Miguel	TRAUCO	Defender	6	1992-08-25	Peru	Peru	14
455	Christian	CUEVA	Midfield	8	1991-11-23	Peru	Peru	14
456	Paolo	GUERRERO	Forward	9	\N	\N	\N	14
457	Renato	TAPIA	Midfield	13	\N	\N	\N	14
458	Christian	RAMOS	Defender	15	1988-11-04	Peru	Peru	14
459	Luis	ADVINCULA	Defender	17	1990-03-02	Peru	Peru	14
460	Andre	CARRILLO	Forward	18	1991-06-14	Peru	Peru	14
461	Yoshimar	YOTUN	Midfield	19	1990-04-07	Peru	Peru	14
462	Edison	FLORES	Forward	20	1994-05-14	Peru	Peru	14
463	Alberto	RODRIGUEZ	Defender	2	\N	\N	\N	14
464	Aldo	CORZO	Defender	3	\N	\N	\N	14
465	Miguel	ARAUJO	Defender	5	1994-10-24	Peru	Peru	14
466	Paolo	HURTADO	Midfield	7	\N	\N	\N	14
467	Raul	RUIDIAZ	Forward	11	1990-07-25	Peru	Peru	14
468	Carlos	CACEDA	Goalie	12	\N	\N	\N	14
469	Andy	POLO	Midfield	14	\N	\N	\N	14
470	Wilder	CARTAGENA	Midfield	16	1994-09-23	Peru	Peru	14
471	Jose	CARVALLO	Goalie	21	1986-03-01	Peru	Peru	14
472	Nilson	LOYOLA	Defender	22	1994-10-26	Peru	Peru	14
473	Pedro	AQUINO	Midfield	23	1995-04-13	Peru	Peru	14
474	Jefferson	FARFAN	Forward	10	1984-10-26	Peru	Peru	14
475	David	OSPINA	Goalie	1	1988-08-31	Colombia	Colombia	1
476	Santiago	ARIAS	Defender	4	1992-01-13	Colombia	Colombia	1
477	Wilmar	BARRIOS	Midfield	5	1993-10-16	Colombia	Colombia	1
478	Carlos	SANCHEZ	Midfield	6	1984-12-02	Uruguay	Uruguay	1
479	Radamel	FALCAO	Forward	9	1986-02-10	Colombia	Colombia	1
480	Juan	CUADRADO	Midfield	11	1988-05-26	Colombia	Colombia	1
481	Yerry	MINA	Defender	13	\N	\N	\N	1
482	Jefferson	LERMA	Midfield	16	\N	\N	\N	1
483	Johan	MOJICA	Defender	17	\N	\N	\N	1
484	Juan	QUINTERO	Midfield	20	\N	\N	\N	1
485	Davinson	SANCHEZ	Defender	23	1996-06-12	Colombia	Colombia	1
486	Cristian	ZAPATA	Defender	2	\N	\N	\N	1
487	Oscar	MURILLO	Defender	3	\N	\N	\N	1
488	Carlos	BACCA	Forward	7	1986-09-08	Colombia	Colombia	1
489	Abel	AGUILAR	Midfield	8	\N	\N	\N	1
490	Camilo	VARGAS	Goalie	12	\N	\N	\N	1
491	Luis	MURIEL	Forward	14	1991-04-16	Colombia	Colombia	1
492	Mateus	URIBE	Midfield	15	1991-03-21	Colombia	Colombia	1
493	Farid	DIAZ	Defender	18	\N	\N	\N	1
494	Jose	IZQUIERDO	Forward	21	\N	\N	\N	1
495	Jose	CUADRADO	Goalie	22	\N	\N	\N	1
496	James	RODRIGUEZ	Midfield	10	\N	\N	\N	1
497	Miguel	BORJA	Forward	19	\N	\N	\N	1
498	Hugo	LLORIS	Goalie	1	1986-12-26	France	France	3
499	Benjamin	PAVARD	Defender	2	1996-03-28	France	France	3
500	Raphael	VARANE	Defender	4	1993-04-25	France	France	3
501	Samuel	UMTITI	Defender	5	\N	\N	\N	3
502	Paul	POGBA	Midfield	6	1993-03-15	France	France	3
503	Antoine	GRIEZMANN	Forward	7	1991-03-21	France	France	3
504	Olivier	GIROUD	Forward	9	1986-09-30	France	France	3
505	Kylian	MBAPPE	Forward	10	1998-12-20	France	France	3
506	Ngolo	KANTE	Midfield	13	\N	\N	\N	3
507	Blaise	MATUIDI	Midfield	14	1987-04-09	France	France	3
508	Lucas	HERNANDEZ	Defender	21	1996-02-14	France	France	3
509	Presnel	KIMPEMBE	Defender	3	1995-08-13	France	France	3
510	Thomas	LEMAR	Forward	8	1995-11-12	Guadeloupe	France	3
511	Ousmane	DEMBELE	Forward	11	1997-05-15	France	France	3
512	Corentin	TOLISSO	Midfield	12	\N	\N	\N	3
513	Steven	NZONZI	Midfield	15	\N	\N	\N	3
514	Steve	MANDANDA	Goalie	16	1985-03-28	Congo DR	France	3
515	Adil	RAMI	Defender	17	\N	\N	\N	3
516	Nabil	FEKIR	Forward	18	1993-07-18	France	France	3
517	Djibril	SIDIBE	Defender	19	1992-07-29	France	France	3
518	Florian	THAUVIN	Forward	20	1993-01-26	France	France	3
519	Benjamin	MENDY	Defender	22	\N	\N	\N	3
520	Alphonse	AREOLA	Goalie	23	1993-02-27	France	France	3
521	Franco	ARMANI	Goalie	12	1986-10-16	Argentina	Argentina	5
522	Gabriel	MERCADO	Defender	2	\N	\N	\N	5
523	Nicolas	TAGLIAFICO	Defender	3	1992-08-31	Argentina	Argentina	5
524	Ever	BANEGA	Midfield	7	\N	\N	\N	5
525	Lionel	MESSI	Forward	10	\N	\N	\N	5
526	Angel	DI MARIA	Midfield	11	\N	\N	\N	5
527	Javier	MASCHERANO	Defender	14	\N	\N	\N	5
528	Enzo	PEREZ	Midfield	15	\N	\N	\N	5
529	Marcos	ROJO	Defender	16	\N	\N	\N	5
530	Nicolas	OTAMENDI	Defender	17	\N	\N	\N	5
531	Cristian	PAVON	Midfield	22	1996-01-21	Argentina	Argentina	5
532	Nahuel	GUZMAN	Goalie	1	\N	\N	\N	5
533	Cristian	ANSALDI	Defender	4	\N	\N	\N	5
534	Lucas	BIGLIA	Midfield	5	\N	\N	\N	5
535	Federico	FAZIO	Defender	6	\N	\N	\N	5
536	Marcos	ACUNA	Defender	8	1991-10-28	Argentina	Argentina	5
537	Gonzalo	HIGUAIN	Forward	9	\N	\N	\N	5
538	Maximiliano	MEZA	Midfield	13	1992-01-15	Argentina	Argentina	5
539	Eduardo	SALVIO	Defender	18	\N	\N	\N	5
540	Sergio	AGUERO	Forward	19	\N	\N	\N	5
541	Giovani	LO CELSO	Midfield	20	1996-04-09	Argentina	Argentina	5
542	Paulo	DYBALA	Forward	21	1993-11-15	Argentina	Argentina	5
543	Wilfredo	CABALLERO	Goalie	23	\N	\N	\N	5
544	Robin	OLSEN	Goalie	1	1990-01-08	Sweden	Sweden	15
545	Victor	LINDELOF	Defender	3	\N	\N	\N	15
546	Andreas	GRANQVIST	Defender	4	1985-04-16	Sweden	Sweden	15
547	Ludwig	AUGUSTINSSON	Defender	6	1994-04-21	Sweden	Sweden	15
548	Sebastian	LARSSON	Midfield	7	1985-06-06	Sweden	Sweden	15
549	Albin	EKDAL	Midfield	8	1989-07-28	Sweden	Sweden	15
550	Marcus	BERG	Forward	9	1986-08-17	Sweden	Sweden	15
551	Emil	FORSBERG	Midfield	10	1991-10-23	Sweden	Sweden	15
552	Emil	KRAFTH	Defender	16	1994-08-02	Sweden	Sweden	15
553	Viktor	CLAESSON	Midfield	17	1992-01-02	Sweden	Sweden	15
554	Ola	TOIVONEN	Forward	20	1986-07-03	Sweden	Sweden	15
555	Martin	OLSSON	Defender	5	1988-05-17	Sweden	Sweden	15
556	John	GUIDETTI	Forward	11	1992-04-15	Sweden	Sweden	15
557	Karl-johan	JOHNSSON	Goalie	12	1990-01-28	Sweden	Sweden	15
558	Gustav	SVENSSON	Midfield	13	1987-02-07	Sweden	Sweden	15
559	Filip	HELANDER	Defender	14	1993-04-22	Sweden	Sweden	15
560	Oscar	HILJEMARK	Midfield	15	1992-06-28	Sweden	Sweden	15
561	Pontus	JANSSON	Defender	18	1991-02-13	Sweden	Sweden	15
562	Marcus	ROHDEN	Midfield	19	1991-05-11	Sweden	Sweden	15
563	Jimmy	DURMAZ	Midfield	21	1989-03-22	Sweden	Sweden	15
564	Isaac kiese	THELIN	Forward	22	\N	\N	\N	15
565	Kristoffer	NORDFELDT	Goalie	23	1989-06-23	Sweden	Sweden	15
566	Mikael	LUSTIG	Defender	2	1986-12-13	Sweden	Sweden	15
567	Rui	PATRICIO	Goalie	1	1988-02-15	Portugal	Portugal	13
568	Pepe	\N	Defender	3	1983-02-26	Brazil	Portugal	13
569	Raphael	GUERREIRO	Defender	5	1993-12-22	France	Portugal	13
570	Jose	FONTE	Defender	6	1983-12-22	Portugal	Portugal	13
571	Cristiano	RONALDO	Forward	7	1985-02-05	Portugal	Portugal	13
572	Joao	MOUTINHO	Midfield	8	1986-09-08	Portugal	Portugal	13
573	Bernardo	SILVA	Midfield	11	1994-08-10	Portugal	Portugal	13
574	William	\N	Midfield	14	\N	\N	\N	13
575	Bruno	FERNANDES	Midfield	16	1994-09-08	Portugal	Portugal	13
576	Goncalo	GUEDES	Forward	17	1996-11-29	Portugal	Portugal	13
577	Cedric	\N	Defender	21	1991-08-31	Germany	Portugal	13
578	Bruno	ALVES	Defender	2	1981-11-27	Portugal	Portugal	13
579	Manuel	FERNANDES	Midfield	4	1986-02-05	Portugal	Portugal	13
580	Andre	SILVA	Forward	9	1995-11-06	Portugal	Portugal	13
581	Joao	MARIO	Midfield	10	1993-01-19	Portugal	Portugal	13
582	Anthony	LOPES	Goalie	12	1990-10-01	France	Portugal	13
583	Ruben	DIAS	Defender	13	1997-05-14	Portugal	Portugal	13
584	Ricardo	\N	Defender	15	\N	\N	\N	13
585	Gelson	MARTINS	Forward	18	1995-05-11	Cape Verde Islands	Portugal	13
586	Mario	RUI	Defender	19	1991-05-27	Portugal	Portugal	13
587	Ricardo	QUARESMA	Forward	20	1983-09-26	Portugal	Portugal	13
588	Beto	\N	Goalie	22	1982-05-01	Portugal	Portugal	13
589	Adrien	SILVA	Midfield	23	1989-03-15	France	Portugal	13
590	Fernando	MUSLERA	Goalie	1	1986-06-16	Argentina	Uruguay	30
591	Jose	GIMENEZ	Defender	2	\N	\N	\N	30
592	Diego	GODIN	Defender	3	1986-02-16	Uruguay	Uruguay	30
593	Rodrigo	BENTANCUR	Midfield	6	1997-06-05	Uruguay	Uruguay	30
594	Nahitan	NANDEZ	Midfield	8	1995-12-28	Uruguay	Uruguay	30
595	Luis	SUAREZ	Forward	9	1987-01-24	Uruguay	Uruguay	30
596	Cristhian	STUANI	Forward	11	1986-10-12	Uruguay	Uruguay	30
597	Lucas	TORREIRA	Midfield	14	1996-02-11	Uruguay	Uruguay	30
598	Matias	VECINO	Midfield	15	1991-08-24	Uruguay	Uruguay	30
599	Diego	LAXALT	Midfield	17	1993-02-07	Uruguay	Uruguay	30
600	Martin	CACERES	Defender	22	1987-04-07	Uruguay	Uruguay	30
601	Guillermo	VARELA	Defender	4	1993-03-24	Uruguay	Uruguay	30
602	Carlos	SANCHEZ	Midfield	5	1984-12-02	Uruguay	Uruguay	30
603	Cristian	RODRIGUEZ	Midfield	7	1985-09-30	Uruguay	Uruguay	30
604	Giorgian	DE ARRASCAETA	Forward	10	\N	\N	\N	30
605	Martin	CAMPANA	Goalie	12	1989-05-29	Uruguay	Uruguay	30
606	Gaston	SILVA	Defender	13	1994-03-05	Uruguay	Uruguay	30
607	Maximiliano	PEREIRA	Defender	16	\N	\N	\N	30
608	Maximiliano	GOMEZ	Forward	18	\N	\N	\N	30
609	Sebastian	COATES	Defender	19	1990-10-07	Uruguay	Uruguay	30
610	Jonathan	URRETAVISCAYA	Forward	20	1990-03-19	Uruguay	Uruguay	30
611	Martin	SILVA	Goalie	23	\N	\N	\N	30
612	Edinson	CAVANI	Forward	21	\N	\N	\N	30
613	Kasper	SCHMEICHEL	Goalie	1	1986-11-05	Denmark	Denmark	27
614	Simon	KJAER	Defender	4	1989-03-26	Denmark	Denmark	27
615	Jonas	KNUDSEN	Defender	5	1992-09-16	Denmark	Denmark	27
616	Andreas	CHRISTENSEN	Defender	6	1996-04-10	Denmark	Denmark	27
617	Thomas	DELANEY	Midfield	8	1991-09-03	Denmark	Denmark	27
618	Christian	ERIKSEN	Midfield	10	1992-02-14	Denmark	Denmark	27
619	Martin	BRAITHWAITE	Forward	11	1991-06-05	Denmark	Denmark	27
620	Mathias	JORGENSEN	Defender	13	1990-04-23	Denmark	Denmark	27
621	Henrik	DALSGAARD	Defender	14	1989-07-27	Denmark	Denmark	27
622	Yussuf yurary	POULSEN	Forward	20	\N	\N	\N	27
623	Andreas	CORNELIUS	Forward	21	1993-03-16	Denmark	Denmark	27
624	Michael	KROHN-DEHLI	Midfield	2	1983-06-06	Denmark	Denmark	27
625	Jannik	VESTERGAARD	Defender	3	1992-08-03	Denmark	Denmark	27
626	William	KVIST	Midfield	7	1985-02-24	Denmark	Denmark	27
627	Nicolai	JORGENSEN	Forward	9	1991-01-15	Denmark	Denmark	27
628	Kasper	DOLBERG	Forward	12	1997-10-06	Denmark	Denmark	27
629	Viktor	FISCHER	Forward	15	1994-06-09	Denmark	Denmark	27
630	Jonas	LOSSL	Goalie	16	1989-02-01	Denmark	Denmark	27
631	Jens stryger	LARSEN	Defender	17	1991-02-21	Denmark	Denmark	27
632	Lukas	LERAGER	Midfield	18	1993-07-12	Denmark	Denmark	27
633	Lasse	SCHONE	Midfield	19	1986-05-27	Denmark	Denmark	27
634	Frederik	RONNOW	Goalie	22	1992-08-04	Denmark	Denmark	27
635	Pione	SISTO	Forward	23	1995-02-04	Uganda	Denmark	27
636	Thibaut	COURTOIS	Goalie	1	1992-05-11	Belgium	Belgium	31
637	Toby	ALDERWEIRELD	Defender	2	1989-03-02	Belgium	Belgium	31
638	Vincent	KOMPANY	Defender	4	1986-04-10	Belgium	Belgium	31
639	Jan	VERTONGHEN	Defender	5	\N	\N	\N	31
640	Axel	WITSEL	Midfield	6	1989-01-12	Belgium	Belgium	31
641	Kevin	DE BRUYNE	Midfield	7	\N	\N	\N	31
642	Romelu	LUKAKU	Forward	9	1993-05-13	Belgium	Belgium	31
643	Eden	HAZARD	Forward	10	1991-01-07	Belgium	Belgium	31
644	Thomas	MEUNIER	Defender	15	1991-09-12	Belgium	Belgium	31
645	Youri	TIELEMANS	Midfield	17	1997-05-07	Belgium	Belgium	31
646	Nacer	CHADLI	Midfield	22	1989-08-02	Belgium	Belgium	31
647	Thomas	VERMAELEN	Defender	3	1985-11-14	Belgium	Belgium	31
648	Marouane	FELLAINI	Midfield	8	1987-11-22	Belgium	Belgium	31
649	Yannick	CARRASCO	Midfield	11	1993-09-04	Belgium	Belgium	31
650	Simon	MIGNOLET	Goalie	12	1989-03-06	Belgium	Belgium	31
651	Koen	CASTEELS	Goalie	13	1992-06-25	Belgium	Belgium	31
652	Dries	MERTENS	Forward	14	1987-05-06	Belgium	Belgium	31
653	Thorgan	HAZARD	Midfield	16	1993-03-29	Belgium	Belgium	31
654	Adnan	JANUZAJ	Forward	18	\N	\N	\N	31
655	Moussa	DEMBELE	Midfield	19	\N	\N	\N	31
656	Dedryck	BOYATA	Defender	20	1990-11-28	Belgium	Belgium	31
657	Michy	BATSHUAYI	Forward	21	1993-10-02	Belgium	Belgium	31
658	Leander	DENDONCKER	Defender	23	\N	\N	\N	31
659	Yann	SOMMER	Goalie	1	1988-12-17	Switzerland	Switzerland	2
660	Stephan	LICHTSTEINER	Defender	2	1984-01-16	Switzerland	Switzerland	2
661	Manuel	AKANJI	Defender	5	1995-07-19	Switzerland	Switzerland	2
662	Breel	EMBOLO	Forward	7	1997-02-14	Cameroon	Switzerland	2
663	Granit	XHAKA	Midfield	10	1992-09-27	Switzerland	Switzerland	2
664	Valon	BEHRAMI	Midfield	11	\N	\N	\N	2
665	Ricardo	RODRIGUEZ	Defender	13	1992-08-25	Switzerland	Switzerland	2
666	Blerim	DZEMAILI	Midfield	15	\N	\N	\N	2
667	Mario	GAVRANOVIC	Forward	18	1989-11-24	Switzerland	Switzerland	2
668	Fabian	SCHAER	Defender	22	\N	\N	\N	2
669	Xherdan	SHAQIRI	Midfield	23	1991-10-10	Kosovo	Switzerland	2
670	Francois	MOUBANDJE	Defender	3	1990-06-21	Cameroon	Switzerland	2
671	Nico	ELVEDI	Defender	4	\N	\N	\N	2
672	Michael	LANG	Defender	6	\N	\N	\N	2
673	Remo	FREULER	Midfield	8	1992-04-15	Switzerland	Switzerland	2
674	Haris	SEFEROVIC	Forward	9	1992-02-22	Switzerland	Switzerland	2
675	Yvon	MVOGO	Goalie	12	1994-06-06	Cameroon	Switzerland	2
676	Gelson	FERNANDES	Midfield	16	\N	\N	\N	2
677	Denis	ZAKARIA	Midfield	17	1996-11-20	Congo DR	Switzerland	2
678	Josip	DRMIC	Forward	19	\N	\N	\N	2
679	Johan	DJOUROU	Defender	20	1987-01-18	Cte dIvoire	Switzerland	2
680	Roman	BUERKI	Goalie	21	\N	\N	\N	2
681	Steven	ZUBER	Midfield	14	1991-08-17	Switzerland	Switzerland	2
682	Keylor	NAVAS	Goalie	1	\N	\N	\N	23
683	Johnny	ACOSTA	Defender	2	\N	\N	\N	23
684	Giancarlo	GONZALEZ	Defender	3	\N	\N	\N	23
685	Celso	BORGES	Midfield	5	\N	\N	\N	23
686	Bryan	OVIEDO	Defender	8	1990-02-18	Costa Rica	Costa Rica	23
687	Daniel	COLINDRES	Midfield	9	1985-01-10	Costa Rica	Costa Rica	23
688	Bryan	RUIZ	Midfield	10	\N	\N	\N	23
689	Joel	CAMPBELL	Forward	12	1992-06-26	Costa Rica	Costa Rica	23
690	Cristian	GAMBOA	Defender	16	1989-10-24	Costa Rica	Costa Rica	23
691	Kendall	WASTON	Defender	19	1988-01-01	Costa Rica	Costa Rica	23
692	David	GUZMAN	Midfield	20	1990-02-18	Costa Rica	Costa Rica	23
693	Ian	SMITH	Defender	4	1998-03-06	Costa Rica	Costa Rica	23
694	Oscar	DUARTE	Defender	6	1989-06-03	Nicaragua	Costa Rica	23
695	Christian	BOLANOS	Midfield	7	\N	\N	\N	23
696	Johan	VENEGAS	Forward	11	\N	\N	\N	23
697	Rodney	WALLACE	Midfield	13	1988-06-17	Costa Rica	Costa Rica	23
698	Randall	AZOFEIFA	Midfield	14	\N	\N	\N	23
699	Francisco	CALVO	Defender	15	1992-07-08	Costa Rica	Costa Rica	23
700	Yeltsin	TEJEDA	Midfield	17	\N	\N	\N	23
701	Patrick	PEMBERTON	Goalie	18	\N	\N	\N	23
702	Marcos	URENA	Forward	21	\N	\N	\N	23
703	Kenner	GUTIERREZ	Defender	22	\N	\N	\N	23
704	Leonel	MOREIRA	Goalie	23	1990-04-02	Costa Rica	Costa Rica	23
705	Igor	AKINFEEV	Goalie	1	\N	\N	\N	17
706	Mario	FERNANDES	Defender	2	1990-09-19	Brazil	Russia	17
707	Ilya	KUTEPOV	Defender	3	\N	\N	\N	17
708	Sergey	IGNASHEVICH	Defender	4	\N	\N	\N	17
709	Iury	GAZINSKY	Midfield	8	\N	\N	\N	17
710	Alan	DZAGOEV	Midfield	9	1990-06-17	Russia	Russia	17
711	Fedor	SMOLOV	Forward	10	1990-02-09	Russia	Russia	17
712	Roman	ZOBNIN	Midfield	11	1994-02-11	Russia	Russia	17
713	Aleksandr	GOLOVIN	Midfield	17	1996-05-30	Russia	Russia	17
714	Yury	ZHIRKOV	Midfield	18	\N	\N	\N	17
715	Alexander	SAMEDOV	Midfield	19	\N	\N	\N	17
716	Andrey	SEMENOV	Defender	5	\N	\N	\N	17
717	Denis	CHERYSHEV	Midfield	6	1990-12-26	Russia	Russia	17
718	Daler	KUZIAEV	Midfield	7	\N	\N	\N	17
719	Andrei	LUNEV	Goalie	12	\N	\N	\N	17
720	Fedor	KUDRIASHOV	Defender	13	\N	\N	\N	17
721	Vladimir	GRANAT	Defender	14	\N	\N	\N	17
722	Alexey	MIRANCHUK	Midfield	15	\N	\N	\N	17
723	Anton	MIRANCHUK	Midfield	16	1995-10-17	Russia	Russia	17
724	Vladimir	GABULOV	Goalie	20	1983-10-19	Russia	Russia	17
725	Aleksandr	EROKHIN	Midfield	21	1989-10-13	Russia	Russia	17
726	Artem	DZYUBA	Forward	22	1988-08-22	Russia	Russia	17
727	Igor	SMOLNIKOV	Defender	23	1988-08-08	Russia	Russia	17
728	Hannes	HALLDORSSON	Goalie	1	\N	\N	\N	6
729	Birkir	SAEVARSSON	Defender	2	\N	\N	\N	6
730	Sverrir	INGASON	Defender	5	\N	\N	\N	6
731	Ragnar	SIGURDSSON	Defender	6	1986-06-19	Iceland	Iceland	6
732	Johann	GUDMUNDSSON	Midfield	7	\N	\N	\N	6
733	Birkir	BJARNASON	Midfield	8	1988-05-27	Iceland	Iceland	6
734	Gylfi	SIGURDSSON	Midfield	10	\N	\N	\N	6
735	Alfred	FINNBOGASON	Forward	11	\N	\N	\N	6
736	Aron	GUNNARSSON	Midfield	17	\N	\N	\N	6
737	Hordur	MAGNUSSON	Defender	18	\N	\N	\N	6
738	Emil	HALLFREDSSON	Midfield	20	1984-06-29	Iceland	Iceland	6
739	Samuel	FRIDJONSSON	Midfield	3	\N	\N	\N	6
740	Albert	GUDMUNDSSON	Midfield	4	\N	\N	\N	6
741	Bjorn	SIGURDARSON	Forward	9	1991-02-26	Iceland	Iceland	6
742	Frederik	SCHRAM	Goalie	12	1995-01-19	Denmark	Iceland	6
743	Runar	RUNARSSON	Goalie	13	\N	\N	\N	6
744	Kari	ARNASON	Defender	14	1982-10-13	Sweden	Iceland	6
745	Holmar	EYJOLFSSON	Defender	15	1990-08-06	Iceland	Iceland	6
746	Olafur	SKULASON	Midfield	16	\N	\N	\N	6
747	Rurik	GISLASON	Midfield	19	1988-02-25	Iceland	Iceland	6
748	Arnor	TRAUSTASON	Midfield	21	\N	\N	\N	6
749	Jon	BODVARSSON	Forward	22	\N	\N	\N	6
750	Ari	SKULASON	Defender	23	\N	\N	\N	6
751	Aymen	MATHLOUTHI	Goalie	16	\N	\N	\N	28
752	Yassine	MERIAH	Defender	4	1993-07-02	Tunisia	Tunisia	28
753	Oussama	HADDADI	Defender	5	1992-01-28	Tunisia	Tunisia	28
754	Rami	BEDOUI	Defender	6	1990-01-19	Tunisia	Tunisia	28
755	Fakhreddine	BEN YOUSSEF	Forward	8	1991-06-21	Tunisia	Tunisia	28
756	Wahbi	KHAZRI	Forward	10	1991-02-08	France	Tunisia	28
757	Ferjani	SASSI	Midfield	13	\N	\N	\N	28
758	Ellyes	SKHIRI	Midfield	17	1995-05-10	France	Tunisia	28
759	Ghaylen	CHAALELI	Forward	20	\N	\N	\N	28
760	Hamdi	NAGUEZ	Defender	21	\N	\N	\N	28
761	Naim	SLITI	Forward	23	1992-07-27	France	Tunisia	28
762	Yohan	BEN ALOUANE	Defender	3	\N	\N	\N	28
763	Saifeddine	KHAOUI	Forward	7	\N	\N	\N	28
764	Anice	BADRI	Midfield	9	1990-09-18	France	Tunisia	28
765	Ali	MAALOUL	Defender	12	1990-01-01	Tunisia	Tunisia	28
766	Mohamed	BEN AMOR	Midfield	14	\N	\N	\N	28
767	Ahmed	KHALIL	Forward	15	1994-12-21	Tunisia	Tunisia	28
768	Bassem	SRARFI	Forward	18	1997-06-25	Tunisia	Tunisia	28
769	Saber	KHALIFA	Forward	19	\N	\N	\N	28
770	Farouk	BEN MUSTAPHA	Goalie	1	1989-07-01	Tunisia	Tunisia	28
771	Syam	BEN YOUSSEF	Defender	2	1989-03-31	France	Tunisia	28
772	Dylan	BRONN	Defender	11	\N	\N	\N	28
773	Mouez	HASSEN	Goalie	22	\N	\N	\N	28
774	Wojciech	SZCZESNY	Goalie	1	1990-04-18	Poland	Poland	11
775	Michal	PAZDAN	Defender	2	\N	\N	\N	11
776	Jan	BEDNAREK	Defender	5	1996-04-12	Poland	Poland	11
777	Jacek	GORALSKI	Midfield	6	1992-09-21	Poland	Poland	11
778	Robert	LEWANDOWSKI	Forward	9	1988-08-21	Poland	Poland	11
779	Grzegorz	KRYCHOWIAK	Midfield	10	1990-01-29	Poland	Poland	11
780	Maciej	RYBUS	Midfield	13	1989-08-19	Poland	Poland	11
781	Bartosz	BERESZYNSKI	Defender	18	1992-07-12	Poland	Poland	11
782	Piotr	ZIELINSKI	Midfield	19	1994-05-20	Poland	Poland	11
783	Lukasz	PISZCZEK	Defender	20	\N	\N	\N	11
784	Dawid	KOWNACKI	Forward	23	1997-03-14	Poland	Poland	11
785	Artur	JEDRZEJCZYK	Defender	3	1987-11-04	Poland	Poland	11
786	Thiago	CIONEK	Defender	4	\N	\N	\N	11
787	Arkadiusz	MILIK	Forward	7	1994-02-28	Poland	Poland	11
788	Karol	LINETTY	Midfield	8	1995-02-02	Poland	Poland	11
789	Kamil	GROSICKI	Midfield	11	1988-06-08	Poland	Poland	11
790	Bartosz	BIALKOWSKI	Goalie	12	1987-07-06	Poland	Poland	11
791	Lukasz	TEODORCZYK	Forward	14	1991-06-03	Poland	Poland	11
792	Kamil	GLIK	Defender	15	1988-02-03	Poland	Poland	11
793	Jakub	BLASZCZYKOWSKI	Midfield	16	1985-12-14	Poland	Poland	11
794	Slawomir	PESZKO	Midfield	17	\N	\N	\N	11
795	Rafal	KURZAWA	Midfield	21	1993-01-29	Poland	Poland	11
796	Lukasz	FABIANSKI	Goalie	22	1985-04-18	Poland	Poland	11
797	Monir	EL KAJOUI	Goalie	12	\N	\N	\N	18
798	Achraf	HAKIMI	Defender	2	1998-11-04	Spain	Morocco	18
799	Manuel	DA COSTA	Defender	4	\N	\N	\N	18
800	Ghanem	SAISS	Defender	6	\N	\N	\N	18
801	Hakim	ZIYACH	Midfield	7	\N	\N	\N	18
802	Karim	EL AHMADI	Midfield	8	1985-01-27	Netherlands	Morocco	18
803	Younes	BELHANDA	Midfield	10	1990-02-25	France	Morocco	18
804	Khalid	BOUTAIB	Forward	13	1987-04-24	France	Morocco	18
805	Mbark	BOUSSOUFA	Midfield	14	1984-08-15	Netherlands	Morocco	18
806	Noureddine	AMRABAT	Midfield	16	\N	\N	\N	18
807	Nabil	DIRAR	Defender	17	1986-02-25	Morocco	Morocco	18
808	Yassine	BOUNOU	Goalie	1	1991-04-05	Canada	Morocco	18
809	Hamza	MENDYL	Defender	3	1997-10-21	Morocco	Morocco	18
810	Mehdi	BENATIA	Defender	5	\N	\N	\N	18
811	Ayoub	EL KAABI	Forward	9	1993-06-26	Morocco	Morocco	18
812	Faycal	FAJR	Midfield	11	1988-08-01	France	Morocco	18
813	Amine	HARIT	Midfield	18	1997-06-18	France	Morocco	18
814	Youssef	EN NESYRI	Forward	19	\N	\N	\N	18
815	Aziz	BOUHADDOUZ	Forward	20	\N	\N	\N	18
816	Sofyan	AMRABAT	Midfield	21	1996-08-21	Netherlands	Morocco	18
817	Mehdi	CARCELA	Midfield	23	\N	\N	\N	18
818	Ahmed	TAGNAOUTI	Goalie	22	\N	\N	\N	18
819	Youssef	AIT BENNASSER	Midfield	15	1996-07-07	France	Morocco	18
820	Vladimir	STOJKOVIC	Goalie	1	1983-07-28	Serbia	Serbia	24
821	Dusko	TOSIC	Defender	3	1985-01-19	Serbia	Serbia	24
822	Luka	MILIVOJEVIC	Midfield	4	1991-04-07	Serbia	Serbia	24
823	Branislav	IVANOVIC	Defender	6	1984-02-22	Serbia	Serbia	24
824	Aleksandar	MITROVIC	Forward	9	1994-09-16	Serbia	Serbia	24
825	Dusan	TADIC	Midfield	10	1988-11-20	Serbia	Serbia	24
826	Aleksandar	KOLAROV	Defender	11	1985-11-10	Serbia	Serbia	24
827	Nikola	MILENKOVIC	Defender	15	1997-10-12	Serbia	Serbia	24
828	Sergej	MILINKOVIC-SAVIC	Midfield	20	1995-02-27	Spain	Serbia	24
829	Nemanja	MATIC	Midfield	21	1988-08-01	Serbia	Serbia	24
830	Adem	LJAJIC	Midfield	22	1991-09-29	Serbia	Serbia	24
831	Antonio	RUKAVINA	Defender	2	1984-01-26	Serbia	Serbia	24
832	Uros	SPAJIC	Defender	5	1993-02-13	Serbia	Serbia	24
833	Andrija	ZIVKOVIC	Midfield	7	1996-07-11	Serbia	Serbia	24
834	Aleksandar	PRIJOVIC	Forward	8	1990-04-21	Serbia	Serbia	24
835	Predrag	RAJKOVIC	Goalie	12	1995-10-31	Serbia	Serbia	24
836	Milos	VELJKOVIC	Defender	13	1995-09-26	Switzerland	Serbia	24
837	Milan	RODIC	Defender	14	1991-04-02	Bosnia and Herzegovina	Serbia	24
838	Marko	GRUJIC	Midfield	16	1996-04-13	Serbia	Serbia	24
839	Filip	KOSTIC	Midfield	17	1992-11-01	Serbia	Serbia	24
840	Nemanja	RADONJIC	Forward	18	1996-02-15	Serbia	Serbia	24
841	Luka	JOVIC	Forward	19	1997-12-23	Serbia	Serbia	24
842	Marko	DMITROVIC	Goalie	23	1992-01-24	Serbia	Serbia	24
843	Khadim	NDIAYE	Goalie	16	\N	\N	\N	22
844	Kalidou	KOULIBALY	Defender	3	1991-06-20	France	Senegal	22
845	Idrissa gana	GUEYE	Midfield	5	1989-09-26	Senegal	Senegal	22
846	Salif	SANE	Midfield	6	1990-08-25	France	Senegal	22
847	Cheikhou	KOUYATE	Midfield	8	1989-12-21	Senegal	Senegal	22
848	Sadio	MANE	Forward	10	1992-04-10	Senegal	Senegal	22
849	Youssouf	SABALY	Defender	12	1993-03-05	France	Senegal	22
850	Ismaila	SARR	Forward	18	1998-02-25	Senegal	Senegal	22
851	Mbaye	NIANG	Forward	19	1994-12-19	France	Senegal	22
852	Keita	BALDE	Forward	20	1995-03-08	Spain	Senegal	22
853	Lamine	GASSAMA	Defender	21	1989-10-20	France	Senegal	22
854	Abdoulaye	DIALLO	Goalie	1	1992-03-30	France	Senegal	22
855	Adama	MBENGUE	Defender	2	1993-12-01	Senegal	Senegal	22
856	Kara	MBODJI	Defender	4	\N	\N	\N	22
857	Moussa	SOW	Forward	7	\N	\N	\N	22
858	Mame	DIOUF	Forward	9	\N	\N	\N	22
859	Cheikh	NDOYE	Midfield	11	1986-03-29	Senegal	Senegal	22
860	Alfred	NDIAYE	Midfield	13	1990-03-06	France	Senegal	22
861	Moussa	KONATE	Forward	14	1993-04-03	Senegal	Senegal	22
862	Diafra	SAKHO	Forward	15	\N	\N	\N	22
863	Pape alioune	NDIAYE	Midfield	17	\N	\N	\N	22
864	Moussa	WAGUE	Defender	22	\N	\N	\N	22
865	Alfred	GOMIS	Goalie	23	1993-09-05	Senegal	Senegal	22
866	Eiji	KAWASHIMA	Goalie	1	\N	\N	\N	25
867	Gen	SHOJI	Defender	3	\N	\N	\N	25
868	Yuto	NAGATOMO	Defender	5	\N	\N	\N	25
869	Gaku	SHIBASAKI	Midfield	7	\N	\N	\N	25
870	Genki	HARAGUCHI	Midfield	8	\N	\N	\N	25
871	Shinji	KAGAWA	Midfield	10	\N	\N	\N	25
872	Takashi	INUI	Midfield	14	\N	\N	\N	25
873	Yuya	OSAKO	Forward	15	\N	\N	\N	25
874	Makoto	HASEBE	Midfield	17	\N	\N	\N	25
875	Hiroki	SAKAI	Defender	19	\N	\N	\N	25
876	Maya	YOSHIDA	Defender	22	\N	\N	\N	25
877	Naomichi	UEDA	Defender	2	1994-10-24	Japan	Japan	25
878	Keisuke	HONDA	Midfield	4	\N	\N	\N	25
879	Wataru	ENDO	Defender	6	1993-02-09	Japan	Japan	25
880	Shinji	OKAZAKI	Forward	9	\N	\N	\N	25
881	Takashi	USAMI	Midfield	11	\N	\N	\N	25
882	Masaaki	HIGASHIGUCHI	Goalie	12	1986-05-12	Japan	Japan	25
883	Yoshinori	MUTO	Forward	13	\N	\N	\N	25
884	Hotaru	YAMAGUCHI	Midfield	16	\N	\N	\N	25
885	Ryota	OHSHIMA	Midfield	18	\N	\N	\N	25
886	Tomoaki	MAKINO	Defender	20	1987-05-11	Japan	Japan	25
887	Gotoku	SAKAI	Defender	21	\N	\N	\N	25
888	Kosuke	NAKAMURA	Goalie	23	\N	\N	\N	25
\.


--
-- Data for Name: referees; Type: TABLE DATA; Schema: public; Owner: -
--

COPY referees (id, match_id, person_id) FROM stdin;
1	1	95
2	1	48
3	1	8
4	1	110
5	1	5
6	1	71
7	1	91
8	1	23
9	1	15
10	2	25
11	2	14
12	2	3
13	2	89
14	2	5
15	2	71
16	2	29
17	2	38
18	2	105
19	3	73
20	3	63
21	3	98
22	3	108
23	3	21
24	3	71
25	3	69
26	3	91
27	3	45
28	4	102
29	4	43
30	4	93
31	4	89
32	4	38
33	4	71
34	4	91
35	4	21
36	4	105
37	5	40
38	5	51
39	5	84
40	5	41
41	5	38
42	5	71
43	5	21
44	5	69
45	5	67
46	6	49
47	6	36
48	6	92
49	6	99
50	6	58
51	6	63
52	6	91
53	6	5
54	6	59
55	7	72
56	7	11
57	7	80
58	7	79
59	7	103
60	7	85
61	7	29
62	7	23
63	7	42
64	8	107
65	8	2
66	8	16
67	8	9
68	8	103
69	8	104
70	8	10
71	8	94
72	8	82
73	9	23
74	9	60
75	9	44
76	9	106
77	9	103
78	9	71
79	9	29
80	9	58
81	9	30
82	10	95
83	10	48
84	10	8
85	10	99
86	10	5
87	10	71
88	10	29
89	10	26
90	10	59
91	11	65
92	11	85
93	11	78
94	11	89
95	11	103
96	11	71
97	11	94
98	11	96
99	11	105
100	12	110
101	12	15
102	12	76
103	12	34
104	12	38
105	12	28
106	12	74
107	12	46
108	12	20
109	13	64
110	13	32
111	13	52
112	13	65
113	13	38
114	13	50
115	13	29
116	13	5
117	13	85
118	14	25
119	14	14
120	14	3
121	14	9
122	14	5
123	14	71
124	14	26
125	14	38
126	14	82
127	15	61
128	15	55
129	15	39
130	15	95
131	15	5
132	15	71
133	15	58
134	15	26
135	15	48
136	16	61
137	16	55
138	16	39
139	16	77
140	16	58
141	16	1
142	16	70
143	16	38
144	16	19
145	17	102
146	17	43
147	17	93
148	17	25
149	17	58
150	17	71
151	17	91
152	17	69
153	17	3
154	18	61
155	18	55
156	18	39
157	18	49
158	18	58
159	18	71
160	18	70
161	18	91
162	18	92
163	19	49
164	19	36
165	19	92
166	19	99
167	19	58
168	19	55
169	19	69
170	19	10
171	19	59
172	20	95
173	20	48
174	20	8
175	20	83
176	20	23
177	20	60
178	20	94
179	20	26
180	20	66
181	21	81
182	21	13
183	21	27
184	21	110
185	21	21
186	21	1
187	21	29
188	21	58
189	21	15
190	22	54
191	22	87
192	22	75
193	22	79
194	22	96
195	22	104
196	22	94
197	22	46
198	22	42
199	23	61
200	23	55
201	23	39
202	23	102
203	23	5
204	23	71
205	23	58
206	23	38
207	23	43
208	24	64
209	24	32
210	24	52
211	24	65
212	24	103
213	24	71
214	24	94
215	24	96
216	24	85
217	25	56
218	25	6
219	25	12
220	25	10
221	25	23
222	25	60
223	25	94
224	25	103
225	25	62
226	26	89
227	26	105
228	26	1
229	26	41
230	26	26
231	26	14
232	26	70
233	26	96
234	26	67
235	27	46
236	27	50
237	27	90
238	27	73
239	27	23
240	27	60
241	27	29
242	27	70
243	27	63
244	28	47
245	28	7
246	28	28
247	28	57
248	28	69
249	28	6
250	28	74
251	28	102
252	28	45
253	29	102
254	29	43
255	29	93
256	29	34
257	29	5
258	29	1
259	29	91
260	29	26
261	29	20
262	30	10
263	30	62
264	30	22
265	30	49
266	30	23
267	30	60
268	30	94
269	30	96
270	30	36
271	31	106
272	31	68
273	31	30
274	31	108
275	31	5
276	31	14
277	31	29
278	31	25
279	31	45
280	32	73
281	32	63
282	32	98
283	32	108
284	32	102
285	32	43
286	32	70
287	32	69
288	32	45
289	33	56
290	33	6
291	33	12
292	33	99
293	33	58
294	33	1
295	33	70
296	33	38
297	33	59
298	34	31
299	34	86
300	34	88
301	34	110
302	34	96
303	34	104
304	34	94
305	34	103
306	34	15
307	35	54
308	35	87
309	35	75
310	35	41
311	35	46
312	35	50
313	35	29
314	35	38
315	35	67
316	36	83
317	36	66
318	36	17
319	36	101
320	36	54
321	36	75
322	36	29
323	36	21
324	36	16
325	37	81
326	37	13
327	37	27
328	37	47
329	37	38
330	37	1
331	37	94
332	37	5
333	37	7
334	38	100
335	38	22
336	38	97
337	38	79
338	38	58
339	38	28
340	38	74
341	38	38
342	38	42
343	39	34
344	39	20
345	39	33
346	39	9
347	39	94
348	39	85
349	39	96
350	39	103
351	39	82
352	40	95
353	40	48
354	40	8
355	40	10
356	40	5
357	40	50
358	40	29
359	40	26
360	40	18
361	41	65
362	41	85
363	41	78
364	41	81
365	41	103
366	41	60
367	41	21
368	41	23
369	41	13
370	42	40
371	42	51
372	42	84
373	42	10
374	42	38
375	42	104
376	42	29
377	42	96
378	42	62
379	43	40
380	43	51
381	43	84
382	43	101
383	43	103
384	43	14
385	43	94
386	43	25
387	43	76
388	44	56
389	44	6
390	44	12
391	44	41
392	44	26
393	44	14
394	44	58
395	44	25
396	44	67
397	45	83
398	45	66
399	45	17
400	45	24
401	45	96
402	45	104
403	45	54
404	45	103
405	45	53
406	46	49
407	46	36
408	46	92
409	46	56
410	46	5
411	46	1
412	46	58
413	46	26
414	46	6
415	47	23
416	47	60
417	47	44
418	47	107
419	47	96
420	47	68
421	47	10
422	47	94
423	47	2
424	48	47
425	48	7
426	48	28
427	48	74
428	48	21
429	48	55
430	48	69
431	48	91
432	48	15
433	49	77
434	49	19
435	49	35
436	49	57
437	49	5
438	49	55
439	49	70
440	49	26
441	49	18
442	50	61
443	50	55
444	50	39
445	50	65
446	50	5
447	50	71
448	50	58
449	50	103
450	50	78
451	51	25
452	51	14
453	51	3
454	51	74
455	51	5
456	51	55
457	51	69
458	51	26
459	51	28
460	52	65
461	52	85
462	52	78
463	52	54
464	52	103
465	52	104
466	52	29
467	52	96
468	52	87
469	53	37
470	53	104
471	53	109
472	53	47
473	53	96
474	53	71
475	53	94
476	53	54
477	53	7
478	54	83
479	54	66
480	54	17
481	54	101
482	54	54
483	54	75
484	54	29
485	54	38
486	54	76
487	55	89
488	55	105
489	55	1
490	55	101
491	55	23
492	55	60
493	55	10
494	55	26
495	55	97
496	56	24
497	56	53
498	56	4
499	56	57
500	56	96
501	56	104
502	56	94
503	56	103
504	56	18
505	57	34
506	57	20
507	57	33
508	57	108
509	57	38
510	57	71
511	57	70
512	57	26
513	57	97
514	58	64
515	58	32
516	58	52
517	58	107
518	58	96
519	58	104
520	58	94
521	58	10
522	58	2
523	59	65
524	59	85
525	59	78
526	59	40
527	59	103
528	59	75
529	59	29
530	59	54
531	59	51
532	60	77
533	60	19
534	60	35
535	60	64
536	60	5
537	60	71
538	60	58
539	60	46
540	60	32
541	61	23
542	61	60
543	61	44
544	61	99
545	61	103
546	61	62
547	61	69
548	61	21
549	61	59
550	62	81
551	62	13
552	62	27
553	62	57
554	62	103
555	62	85
556	62	94
557	62	96
558	62	18
559	63	46
560	63	50
561	63	90
562	63	9
563	63	54
564	63	75
565	63	29
566	63	26
567	63	82
568	64	31
569	64	86
570	64	88
571	64	79
572	64	96
573	64	62
574	64	94
575	64	103
576	64	42
\.


--
-- Data for Name: stadiums; Type: TABLE DATA; Schema: public; Owner: -
--

COPY stadiums (id, name, city, capacity) FROM stdin;
1	Kazan Arena	Kazan	45015
2	Nizhny Novgorod Stadium	Nizhny Novgorod	44899
3	Fisht Stadium	Sotchi	47659
4	Mordovia Arena	Saransk	45015
5	Saint Petersburg Stadium	Saint Petersburg	68134
6	Ekaterinburg Arena	Ekaterinburg	35000
7	Rostov Arena	Rostov-na-Donou	43702
8	Spartak Stadium	Moscow	45360
9	Volgograd Arena	Volgograd	45015
10	Kaliningrad Stadium	Kaliningrad	35000
11	Luzhniki Stadium	Moscow	81000
12	Samara Arena	Samara	45000
\.


--
-- Data for Name: statistics; Type: TABLE DATA; Schema: public; Owner: -
--

COPY statistics (id, match_id, team_id, tactics, attempts_on_goal, on_target, off_target, blocked, woodwork, corners, offsides, ball_possession, pass_accuracy, num_passes, passes_completed, distance_covered, balls_recovered, tackles, clearances, yellow_cards, red_cards, fouls_committed) FROM stdin;
1	1	7	4-2-3-1	25	9	9	7	2	8	1	60	88	595	524	110	31	9	12	2	0	10
2	1	8	4-2-3-1	12	4	6	2	0	1	2	40	82	281	231	106	38	7	42	2	0	15
3	2	12	4-2-3-1	21	10	7	4	0	8	0	47	83	398	330	92	38	10	20	2	0	6
4	2	8	4-3-3	13	1	4	8	0	7	2	53	85	424	362	89	34	12	23	4	0	18
5	3	19	4-5-1	22	7	10	5	1	7	1	61	90	655	590	101	49	7	22	0	0	7
6	3	32	4-2-3-1	8	1	6	1	0	2	3	39	82	357	293	106	51	17	34	2	0	16
7	4	16	4-2-3-1	11	2	7	2	0	6	2	54	84	462	386	104	43	16	32	2	0	20
8	4	21	4-2-3-1	14	2	5	7	0	5	1	46	84	388	327	101	42	7	26	1	0	16
9	5	26	4-4-2	17	6	2	9	0	7	0	41	82	346	284	99	42	18	21	4	0	24
10	5	8	4-3-3	13	5	6	2	0	5	0	59	89	485	432	97	40	13	18	0	0	7
11	6	29	4-2-3-1	5	0	5	0	0	2	2	30	69	219	152	106	50	17	48	2	0	14
12	6	9	4-2-3-1	17	3	6	8	0	6	1	70	89	805	718	105	35	5	14	0	0	14
13	7	10	3-5-2	12	7	3	2	0	3	3	58	94	593	557	99	27	2	11	1	0	14
14	7	20	4-5-1	8	2	5	1	0	2	0	42	88	398	352	89	26	3	11	3	0	13
15	8	4	4-2-3-1	14	2	7	5	0	8	3	53	86	554	479	105	35	7	12	4	0	13
16	8	14	4-2-3-1	4	3	1	0	0	3	1	47	81	417	339	100	48	24	24	2	0	12
17	9	1	4-3-2-1	14	4	7	3	0	2	1	49	78	516	405	136	59	17	39	6	0	23
18	9	10	3-5-2	16	2	9	5	0	7	2	51	82	571	471	143	59	6	27	2	0	13
19	10	3	4-2-3-1	9	4	4	1	1	0	0	41	84	351	295	97	35	12	20	3	0	21
20	10	5	4-3-3	9	4	1	4	0	4	1	59	86	547	471	96	28	22	10	5	0	15
21	11	15	4-4-2	7	3	3	1	0	1	2	43	74	379	280	107	36	5	37	2	0	10
22	11	10	3-5-2	12	2	4	6	0	6	1	57	80	525	420	110	47	3	22	1	0	7
23	12	3	4-2-3-1	12	4	6	2	0	5	0	44	77	405	311	103	46	7	24	2	0	11
24	12	14	4-2-3-1	10	2	6	2	1	3	1	56	81	532	431	102	44	15	17	2	0	15
25	13	21	3-5-2	9	3	5	1	0	3	0	34	76	244	186	98	44	9	31	2	0	20
26	13	5	4-4-2	8	4	3	1	1	5	2	66	84	565	476	101	40	24	20	3	0	15
27	14	13	4-2-3-1	8	3	2	3	0	4	1	39	87	366	320	102	36	8	17	1	0	12
28	14	9	4-2-3-1	12	5	5	2	1	5	3	61	93	727	677	103	28	7	9	1	0	10
29	15	30	4-4-2	11	4	6	1	0	4	0	42	67	322	215	103	45	14	21	2	0	17
30	15	3	4-2-3-1	11	2	7	2	0	3	0	58	81	524	427	99	48	7	51	2	0	15
31	16	16	4-2-3-1	22	7	8	7	0	5	2	54	81	625	506	132	54	9	36	0	0	5
32	16	27	4-3-3	15	3	10	2	1	4	0	46	79	538	425	135	47	15	29	1	0	19
33	17	27	4-3-3	5	1	2	2	0	4	1	38	74	303	224	106	44	10	30	1	0	10
34	17	3	4-2-3-1	11	4	6	1	0	2	1	62	87	667	581	104	33	6	17	0	0	10
35	18	8	4-2-3-1	19	3	8	8	0	7	2	65	83	487	406	95	33	9	12	3	0	14
36	18	15	4-4-2	13	5	7	1	0	3	0	35	67	212	143	102	45	9	31	2	0	11
37	19	3	4-3-3	12	5	4	3	0	5	0	51	87	484	423	103	52	6	23	1	0	16
38	19	4	4-2-3-1	4	1	2	1	0	1	0	49	85	390	332	111	49	15	45	3	0	19
39	20	31	3-4-3	12	4	3	5	0	4	1	43	88	510	450	108	34	4	27	1	0	11
40	20	10	3-5-2	15	5	7	3	0	5	0	57	92	698	641	110	31	7	18	2	0	5
41	21	10	3-5-2	13	1	7	5	0	7	3	48	88	484	424	109	32	13	10	0	0	11
42	21	31	3-4-3	15	4	4	7	0	2	1	52	88	556	490	106	32	12	24	2	0	14
43	22	2	4-2-3-1	12	3	5	4	1	6	1	60	87	594	516	103	30	6	13	3	0	9
44	22	23	5-4-1	14	6	6	2	3	5	1	40	82	348	284	103	42	9	27	3	0	14
45	23	17	4-2-3-1	13	7	3	3	0	6	3	40	78	306	240	118	53	9	19	1	0	22
46	23	19	4-5-1	6	0	3	3	0	2	1	60	86	511	442	105	48	16	31	1	0	10
47	24	16	4-2-3-1	22	7	11	4	1	8	1	54	79	622	494	143	51	18	32	2	0	23
48	24	10	3-5-2	11	1	6	4	0	4	3	46	79	479	377	148	49	4	52	1	0	14
49	25	30	4-4-2	6	3	2	1	0	2	0	39	70	268	187	106	40	19	34	0	0	13
50	25	13	4-4-2	20	5	7	8	0	10	1	61	84	584	489	107	41	10	17	1	0	13
51	26	6	4-2-3-1	17	6	8	3	1	10	1	41	73	324	238	103	38	9	16	3	0	10
52	26	16	4-2-3-1	13	2	8	3	1	5	0	59	87	524	458	101	43	13	30	2	0	12
53	27	5	4-2-3-1	26	7	9	10	0	10	0	72	92	718	657	101	40	8	18	0	0	10
54	27	6	4-5-1	9	3	5	1	0	2	0	28	67	189	127	105	35	18	36	0	0	15
55	28	20	4-5-1	9	4	4	1	0	0	4	36	77	284	220	102	36	9	33	3	0	18
56	28	28	4-3-3	15	7	4	4	0	6	1	64	87	626	546	107	43	9	15	3	0	19
57	29	17	4-2-3-1	13	7	4	2	0	6	1	38	69	399	276	148	63	19	43	1	0	25
58	29	16	4-2-3-1	17	3	10	4	1	8	0	62	82	753	615	139	58	10	27	4	0	18
59	30	31	3-4-3	23	12	8	3	1	5	3	52	84	468	391	104	44	4	16	0	0	12
60	30	28	4-3-3	15	5	6	4	0	2	3	48	82	477	392	102	37	10	17	1	0	13
61	31	21	3-5-2	16	4	6	6	1	6	1	58	84	473	399	100	40	6	39	1	0	9
62	31	6	4-4-2	10	3	6	1	0	5	0	42	75	291	218	106	46	10	28	0	0	10
63	32	28	4-3-3	6	1	3	2	0	2	2	41	82	326	266	103	30	12	26	0	0	14
64	32	10	3-5-2	17	7	7	3	2	7	3	59	91	492	446	105	37	2	8	1	0	8
65	33	11	3-4-3	9	2	3	4	0	7	1	45	79	424	335	107	57	21	33	2	0	15
66	33	1	4-2-3-1	13	3	5	5	0	5	1	55	82	514	419	108	53	16	26	0	0	10
67	34	9	4-2-3-1	16	4	11	1	0	7	1	68	91	762	694	103	27	8	4	0	0	5
68	34	18	4-2-3-1	6	3	2	1	1	1	1	32	84	247	207	111	40	9	30	6	0	17
69	35	30	4-4-2	13	4	6	3	0	3	1	47	88	521	456	101	43	6	19	0	0	10
70	35	19	4-5-1	8	3	3	2	0	4	2	53	86	590	510	100	45	11	14	0	0	13
71	36	23	5-4-1	10	3	3	4	0	5	1	50	83	428	355	107	38	10	30	2	0	18
72	36	24	4-2-3-1	10	3	5	2	0	4	3	50	83	392	325	109	42	7	31	2	0	15
73	37	15	4-4-2	12	3	6	3	0	3	1	37	73	271	199	105	47	3	33	1	0	11
74	37	2	4-2-3-1	18	4	5	9	0	11	0	63	84	599	501	103	27	2	15	2	1	13
75	38	15	4-4-2	15	4	5	6	0	6	1	52	84	417	352	102	43	9	30	1	0	20
76	38	26	4-3-3	5	0	2	3	0	5	0	48	79	351	278	103	45	12	31	2	0	23
77	39	31	3-4-2-1	15	6	7	2	0	9	1	61	89	544	483	102	41	1	12	3	0	17
78	39	20	4-5-1	6	2	4	0	0	3	3	39	82	317	260	100	38	6	29	5	0	18
79	40	24	4-2-3-1	10	1	5	4	0	5	2	44	78	467	365	114	55	11	15	3	0	13
80	40	12	4-2-3-1	13	6	3	4	0	9	4	56	88	631	556	105	51	9	37	0	0	7
81	41	12	4-2-3-1	23	9	9	5	1	10	3	66	90	732	662	105	42	7	13	2	0	11
82	41	23	5-4-1	4	0	4	0	0	1	3	34	73	271	199	109	38	13	40	1	0	11
83	42	12	4-2-3-1	26	9	7	10	1	8	1	57	89	557	493	104	41	6	7	2	0	14
84	42	31	3-4-3	8	3	3	2	0	4	0	43	83	370	307	105	35	7	41	2	0	16
85	43	22	4-4-2	8	3	4	1	0	1	3	43	78	281	219	97	55	4	26	1	0	15
86	43	1	4-2-3-1	4	2	1	1	0	3	3	57	83	431	359	100	34	11	16	1	0	15
87	44	12	4-2-3-1	20	4	9	7	0	7	1	52	88	521	460	103	51	4	14	1	0	12
88	44	2	4-2-3-1	6	2	4	0	0	2	0	48	83	436	362	108	56	17	19	3	0	19
89	45	31	3-4-3	24	8	10	6	1	10	1	56	87	621	540	108	28	2	12	0	0	13
90	45	25	4-2-3-1	11	4	4	3	0	6	1	44	83	453	374	109	40	8	39	1	0	9
91	46	3	4-2-3-1	19	5	8	6	0	4	1	40	86	342	294	102	44	16	30	2	0	6
92	46	31	3-5-2	9	3	5	1	0	5	1	60	90	629	565	102	34	16	14	3	0	16
93	47	13	4-4-2	10	2	4	4	0	5	1	47	76	387	293	105	49	13	36	1	0	19
94	47	18	4-2-3-1	16	4	10	2	0	7	1	53	77	466	359	107	66	17	16	1	0	23
95	48	11	4-2-3-1	10	4	5	1	0	3	3	57	88	552	483	110	43	11	23	1	0	8
96	48	22	4-4-2	8	2	4	2	0	3	3	43	81	328	266	107	48	9	38	2	0	15
97	49	29	4-5-1	8	2	5	1	0	1	1	32	69	226	155	93	34	20	19	2	0	16
98	49	13	4-4-2	14	4	7	3	0	5	1	68	89	619	548	89	38	6	17	4	0	11
99	50	3	4-2-3-1	8	6	1	1	0	2	1	39	75	271	202	99	45	12	35	2	0	14
100	50	16	4-2-3-1	15	3	8	4	0	6	1	61	83	547	456	100	45	13	13	1	0	13
101	51	25	4-2-3-1	7	3	2	2	1	2	2	54	84	449	376	105	39	8	33	2	0	8
102	51	22	4-3-3	14	7	5	2	0	5	4	46	79	338	267	102	44	4	29	3	0	14
103	52	9	4-2-3-1	25	9	6	10	0	6	1	75	91	1137	1031	137	42	7	9	1	0	5
104	52	17	5-3-2	6	1	3	2	0	5	1	25	72	284	204	146	43	16	47	2	0	19
105	53	24	4-2-3-1	12	3	7	2	0	3	0	42	78	309	241	116	44	11	30	4	0	17
106	53	2	4-2-3-1	20	5	8	7	1	7	3	58	87	547	474	112	40	14	17	1	0	12
107	54	30	3-5-2	17	7	6	4	0	4	0	56	88	492	431	101	34	10	13	1	0	17
108	54	17	4-2-3-1	3	1	1	1	0	2	2	44	83	355	296	98	32	15	20	1	0	18
109	55	27	4-3-3	10	5	5	0	0	3	1	49	88	458	403	112	41	14	26	2	0	7
110	55	4	4-2-3-1	14	5	5	4	0	5	0	51	85	520	441	114	42	6	26	0	0	5
111	56	14	4-2-3-1	18	6	7	5	0	3	5	52	85	394	334	104	42	12	19	1	0	10
112	56	27	4-3-3	10	3	5	2	0	7	3	48	82	342	282	110	40	11	20	2	0	18
113	57	25	4-2-3-1	10	3	4	3	0	5	1	54	86	557	478	102	41	8	26	1	0	11
114	57	11	3-4-3	11	2	5	4	0	7	0	46	83	462	382	99	36	11	18	0	0	8
115	58	18	3-4-3	13	3	6	4	0	5	0	64	86	433	371	101	38	9	16	1	0	22
116	58	29	3-4-3	8	2	5	1	0	2	0	36	66	194	129	100	38	14	24	3	0	14
117	59	32	4-2-3-1	8	3	3	2	0	0	1	43	78	395	308	112	57	12	32	2	0	12
118	59	30	4-4-2	14	4	6	4	1	5	1	57	86	589	508	111	54	8	22	0	0	6
119	60	17	4-2-3-1	11	3	5	3	0	7	0	47	76	380	289	115	59	9	47	1	0	11
120	60	32	4-2-3-1	13	1	8	4	0	4	0	53	81	438	356	110	41	11	29	1	0	10
121	61	26	4-4-2	11	5	5	1	0	3	0	30	74	237	176	118	43	10	42	4	0	16
122	61	7	4-2-3-1	26	6	11	9	0	9	1	70	88	719	633	115	39	9	10	0	0	7
123	62	1	4-2-3-1	8	3	1	4	0	3	2	41	82	352	290	93	40	15	22	2	1	15
124	62	25	4-2-3-1	14	6	5	3	0	6	1	59	87	565	491	101	46	16	24	1	0	9
125	63	7	4-2-3-1	16	5	4	7	1	8	5	71	91	699	633	111	32	10	13	0	0	12
126	63	15	4-4-2	8	6	1	1	0	3	2	29	77	213	165	110	46	10	46	2	0	13
127	64	5	3-4-3	10	3	3	4	1	5	3	58	81	505	408	101	35	19	24	3	0	15
128	64	16	4-2-3-1	15	5	6	4	1	2	3	42	80	372	296	104	34	13	19	4	0	23
\.


--
-- Data for Name: teams; Type: TABLE DATA; Schema: public; Owner: -
--

COPY teams (id, name, fifa_code, group_id) FROM stdin;
1	Colombia	COL	5
2	Switzerland	SUI	6
3	France	FRA	7
4	Australia	AUS	7
5	Argentina	ARG	3
6	Iceland	ISL	3
7	Germany	GER	1
8	Mexico	MEX	1
9	Spain	ESP	2
10	England	ENG	4
11	Poland	POL	5
12	Brazil	BRA	6
13	Portugal	POR	2
14	Peru	PER	7
15	Sweden	SWE	1
16	Croatia	CRO	3
17	Russia	RUS	8
18	Morocco	MAR	2
19	Saudi Arabia	KSA	8
20	Panama	PAN	4
21	Nigeria	NGA	3
22	Senegal	SEN	5
23	Costa Rica	CRC	6
24	Serbia	SRB	6
25	Japan	JPN	5
26	Korea Republic	KOR	1
27	Denmark	DEN	7
28	Tunisia	TUN	4
29	Iran	IRN	2
30	Uruguay	URU	8
31	Belgium	BEL	4
32	Egypt	EGY	8
\.


--
-- Data for Name: weathers; Type: TABLE DATA; Schema: public; Owner: -
--

COPY weathers (id, match_id, humidity, temp, wind_speed, description) FROM stdin;
1	1	42.6	23.2	11.9	Sunny
2	2	28.3	33.3	14.7	Sunny
3	3	24.0	35.0	10.6	Partly Cloudy
4	4	64.7	20.2	7.3	Partly Cloudy
5	5	28.1	33.2	11.7	Partly Cloudy
6	7	33.0	30.6	15.5	Partly Cloudy
7	8	70.2	30.2	10.6	Partly Cloudy
8	9	61.7	18.7	7.8	Cloudy
9	10	33.7	28.3	12.0	Sunny
10	11	39.2	26.5	7.8	Partly Cloudy
11	12	79.7	12.8	21.1	Cloudy
12	13	45.5	22.2	18.4	Sunny
13	15	53.8	22.4	13.2	Partly Cloudy
14	16	48.3	25.0	15.4	Partly Cloudy Night
15	17	34.7	24.5	11.8	Partly Cloudy
16	18	42.6	27.9	18.1	Sunny
17	19	32.3	19.4	19.7	Sunny
18	20	45.1	26.2	10.8	Partly Cloudy
19	22	43.9	20.0	13.4	Clear Night
20	23	43.6	17.9	6.0	Partly Cloudy
21	24	64.2	21.7	6.5	Cloudy
22	27	33.5	22.2	11.0	Sunny
23	28	60.0	20.2	7.0	Clear Night
24	29	70.6	24.5	12.2	Clear Night
25	30	64.3	28.8	12.8	Partly Cloudy
26	31	19.6	32.3	2.8	Sunny
27	32	17.8	24.0	7.2	Clear Night
28	34	70.2	15.0	13.0	Partly Cloudy Night
29	36	32.6	22.0	18.5	Sunny
30	37	60.6	18.1	10.5	Partly Cloudy
31	38	36.3	25.3	9.1	Partly Cloudy
32	39	71.0	24.6	12.3	Partly Cloudy
33	40	42.2	24.6	12.6	Partly Cloudy
34	44	27.4	25.6	16.4	Partly Cloudy Night
35	45	36.6	25.5	9.6	Clear Night
36	46	75.3	18.6	11.1	Cloudy
37	47	33.3	20.4	24.8	Partly Cloudy
38	49	70.6	23.0	9.8	Partly Cloudy Night
39	50	51.9	27.2	3.2	Partly Cloudy
40	51	38.2	25.4	26.3	Sunny
41	52	63.8	24.0	13.2	Partly Cloudy
42	53	55.6	15.3	11.5	Sunny
43	56	48.4	18.8	12.9	Partly Cloudy
44	57	24.8	36.5	13.5	Sunny
45	58	37.1	25.5	13.1	Partly Cloudy
46	59	42.8	14.0	29.4	Partly Cloudy
47	60	83.2	15.8	14.1	Cloudy
48	61	40.7	28.7	18.6	Sunny
49	63	80.9	22.5	11.2	Partly Cloudy Night
\.


--
-- Name: audiences_id_seq; Type: SEQUENCE SET; Schema: public; Owner: -
--

SELECT pg_catalog.setval('audiences_id_seq', 7256, true);


--
-- Name: countries_id_seq; Type: SEQUENCE SET; Schema: public; Owner: -
--

SELECT pg_catalog.setval('countries_id_seq', 151, true);


--
-- Name: events_id_seq; Type: SEQUENCE SET; Schema: public; Owner: -
--

SELECT pg_catalog.setval('events_id_seq', 1158, true);


--
-- Name: groups_id_seq; Type: SEQUENCE SET; Schema: public; Owner: -
--

SELECT pg_catalog.setval('groups_id_seq', 8, true);


--
-- Name: matches_id_seq; Type: SEQUENCE SET; Schema: public; Owner: -
--

SELECT pg_catalog.setval('matches_id_seq', 64, true);


--
-- Name: persons_id_seq; Type: SEQUENCE SET; Schema: public; Owner: -
--

SELECT pg_catalog.setval('persons_id_seq', 888, true);


--
-- Name: referees_id_seq; Type: SEQUENCE SET; Schema: public; Owner: -
--

SELECT pg_catalog.setval('referees_id_seq', 576, true);


--
-- Name: stadiums_id_seq; Type: SEQUENCE SET; Schema: public; Owner: -
--

SELECT pg_catalog.setval('stadiums_id_seq', 12, true);


--
-- Name: statistics_id_seq; Type: SEQUENCE SET; Schema: public; Owner: -
--

SELECT pg_catalog.setval('statistics_id_seq', 128, true);


--
-- Name: teams_id_seq; Type: SEQUENCE SET; Schema: public; Owner: -
--

SELECT pg_catalog.setval('teams_id_seq', 32, true);


--
-- Name: weathers_id_seq; Type: SEQUENCE SET; Schema: public; Owner: -
--

SELECT pg_catalog.setval('weathers_id_seq', 49, true);


--
-- Name: audiences audiences_pkey; Type: CONSTRAINT; Schema: public; Owner: -
--

ALTER TABLE ONLY audiences
    ADD CONSTRAINT audiences_pkey PRIMARY KEY (id);


--
-- Name: countries countries_pkey; Type: CONSTRAINT; Schema: public; Owner: -
--

ALTER TABLE ONLY countries
    ADD CONSTRAINT countries_pkey PRIMARY KEY (id);


--
-- Name: events events_pkey; Type: CONSTRAINT; Schema: public; Owner: -
--

ALTER TABLE ONLY events
    ADD CONSTRAINT events_pkey PRIMARY KEY (id);


--
-- Name: groups groups_pkey; Type: CONSTRAINT; Schema: public; Owner: -
--

ALTER TABLE ONLY groups
    ADD CONSTRAINT groups_pkey PRIMARY KEY (id);


--
-- Name: matches matches_pkey; Type: CONSTRAINT; Schema: public; Owner: -
--

ALTER TABLE ONLY matches
    ADD CONSTRAINT matches_pkey PRIMARY KEY (id);


--
-- Name: persons persons_pkey; Type: CONSTRAINT; Schema: public; Owner: -
--

ALTER TABLE ONLY persons
    ADD CONSTRAINT persons_pkey PRIMARY KEY (id);


--
-- Name: referees referees_pkey; Type: CONSTRAINT; Schema: public; Owner: -
--

ALTER TABLE ONLY referees
    ADD CONSTRAINT referees_pkey PRIMARY KEY (id);


--
-- Name: stadiums stadiums_pkey; Type: CONSTRAINT; Schema: public; Owner: -
--

ALTER TABLE ONLY stadiums
    ADD CONSTRAINT stadiums_pkey PRIMARY KEY (id);


--
-- Name: statistics statistics_pkey; Type: CONSTRAINT; Schema: public; Owner: -
--

ALTER TABLE ONLY statistics
    ADD CONSTRAINT statistics_pkey PRIMARY KEY (id);


--
-- Name: teams teams_pkey; Type: CONSTRAINT; Schema: public; Owner: -
--

ALTER TABLE ONLY teams
    ADD CONSTRAINT teams_pkey PRIMARY KEY (id);


--
-- Name: weathers weathers_pkey; Type: CONSTRAINT; Schema: public; Owner: -
--

ALTER TABLE ONLY weathers
    ADD CONSTRAINT weathers_pkey PRIMARY KEY (id);


--
-- Name: audiences audiences_country_id_fkey; Type: FK CONSTRAINT; Schema: public; Owner: -
--

ALTER TABLE ONLY audiences
    ADD CONSTRAINT audiences_country_id_fkey FOREIGN KEY (country_id) REFERENCES countries(id);


--
-- Name: audiences audiences_match_id_fkey; Type: FK CONSTRAINT; Schema: public; Owner: -
--

ALTER TABLE ONLY audiences
    ADD CONSTRAINT audiences_match_id_fkey FOREIGN KEY (match_id) REFERENCES matches(id);


--
-- Name: events events_match_id_fkey; Type: FK CONSTRAINT; Schema: public; Owner: -
--

ALTER TABLE ONLY events
    ADD CONSTRAINT events_match_id_fkey FOREIGN KEY (match_id) REFERENCES matches(id);


--
-- Name: events events_person_id_fkey; Type: FK CONSTRAINT; Schema: public; Owner: -
--

ALTER TABLE ONLY events
    ADD CONSTRAINT events_person_id_fkey FOREIGN KEY (person_id) REFERENCES persons(id);


--
-- Name: matches matches_away_team_id_fkey; Type: FK CONSTRAINT; Schema: public; Owner: -
--

ALTER TABLE ONLY matches
    ADD CONSTRAINT matches_away_team_id_fkey FOREIGN KEY (away_team_id) REFERENCES teams(id);


--
-- Name: matches matches_home_team_id_fkey; Type: FK CONSTRAINT; Schema: public; Owner: -
--

ALTER TABLE ONLY matches
    ADD CONSTRAINT matches_home_team_id_fkey FOREIGN KEY (home_team_id) REFERENCES teams(id);


--
-- Name: matches matches_stadium_id_fkey; Type: FK CONSTRAINT; Schema: public; Owner: -
--

ALTER TABLE ONLY matches
    ADD CONSTRAINT matches_stadium_id_fkey FOREIGN KEY (stadium_id) REFERENCES stadiums(id);


--
-- Name: matches matches_winner_team_id_fkey; Type: FK CONSTRAINT; Schema: public; Owner: -
--

ALTER TABLE ONLY matches
    ADD CONSTRAINT matches_winner_team_id_fkey FOREIGN KEY (winner_team_id) REFERENCES teams(id);


--
-- Name: persons persons_team_id_fkey; Type: FK CONSTRAINT; Schema: public; Owner: -
--

ALTER TABLE ONLY persons
    ADD CONSTRAINT persons_team_id_fkey FOREIGN KEY (team_id) REFERENCES teams(id);


--
-- Name: referees referees_match_id_fkey; Type: FK CONSTRAINT; Schema: public; Owner: -
--

ALTER TABLE ONLY referees
    ADD CONSTRAINT referees_match_id_fkey FOREIGN KEY (match_id) REFERENCES matches(id);


--
-- Name: referees referees_person_id_fkey; Type: FK CONSTRAINT; Schema: public; Owner: -
--

ALTER TABLE ONLY referees
    ADD CONSTRAINT referees_person_id_fkey FOREIGN KEY (person_id) REFERENCES persons(id) ON DELETE CASCADE;


--
-- Name: statistics statistics_match_id_fkey; Type: FK CONSTRAINT; Schema: public; Owner: -
--

ALTER TABLE ONLY statistics
    ADD CONSTRAINT statistics_match_id_fkey FOREIGN KEY (match_id) REFERENCES matches(id);


--
-- Name: statistics statistics_team_id_fkey; Type: FK CONSTRAINT; Schema: public; Owner: -
--

ALTER TABLE ONLY statistics
    ADD CONSTRAINT statistics_team_id_fkey FOREIGN KEY (team_id) REFERENCES teams(id);


--
-- Name: teams teams_group_id_fkey; Type: FK CONSTRAINT; Schema: public; Owner: -
--

ALTER TABLE ONLY teams
    ADD CONSTRAINT teams_group_id_fkey FOREIGN KEY (group_id) REFERENCES groups(id);


--
-- Name: weathers weathers_match_id_fkey; Type: FK CONSTRAINT; Schema: public; Owner: -
--

ALTER TABLE ONLY weathers
    ADD CONSTRAINT weathers_match_id_fkey FOREIGN KEY (match_id) REFERENCES matches(id);


--
-- PostgreSQL database dump complete
--

